Iggy Azalea,spotify:artist:5yG7ZAZafVaAlMTeBybKAL,5yG7ZAZafVaAlMTeBybKAL,88,1103820
Nicki Minaj,spotify:artist:0hCNtLu0JehylgoiP8L4Gh,0hCNtLu0JehylgoiP8L4Gh,96,3045432
Azealia Banks,spotify:artist:7gRhy3MIPHQo5CXYfWaw9I,7gRhy3MIPHQo5CXYfWaw9I,70,182377
Kreayshawn,spotify:artist:51xJF4OqJPHWop1fv0VVyd,51xJF4OqJPHWop1fv0VVyd,55,57801
Ariana Grande,spotify:artist:66CXWjxzNUsdJxJ2JdwvnR,66CXWjxzNUsdJxJ2JdwvnR,95,1950641
Becky G,spotify:artist:4obzFoKoKRHIphyHzJ35G3,4obzFoKoKRHIphyHzJ35G3,78,316998
Rye Rye,spotify:artist:0S05AeePINj4CeTVMfysIu,0S05AeePINj4CeTVMfysIu,56,10110
Charli XCX,spotify:artist:25uiPmTg16RbhZWAqwLBy5,25uiPmTg16RbhZWAqwLBy5,86,287522
Kat Dahlia,spotify:artist:1peH5tSqnYm8W6Bo3I5egE,1peH5tSqnYm8W6Bo3I5egE,73,38931
Lil Mama,spotify:artist:5qK5bOC6wLtuLhG5KvU17c,5qK5bOC6wLtuLhG5KvU17c,52,13134
Rihanna,spotify:artist:5pKCCKE2ajJHZ9KAiaK11H,5pKCCKE2ajJHZ9KAiaK11H,95,5064044
Rita Ora,spotify:artist:5CCwRZC6euC8Odo6y9X8jr,5CCwRZC6euC8Odo6y9X8jr,81,435733
Jessie J,spotify:artist:2gsggkzM5R49q6jpPvazou,2gsggkzM5R49q6jpPvazou,87,1107519
Ester Dean,spotify:artist:0v2Y5jwtcv8LiWNTRls1KM,0v2Y5jwtcv8LiWNTRls1KM,62,21395
Angel Haze,spotify:artist:2cyyGl4qnHZL0o16t0fpJl,2cyyGl4qnHZL0o16t0fpJl,64,42341
Fergie,spotify:artist:3r17AfJCCUqC9Lf0OAc73G,3r17AfJCCUqC9Lf0OAc73G,79,206129
Karmin,spotify:artist:4M0DLz8te9Q1lNIXBBwvfG,4M0DLz8te9Q1lNIXBBwvfG,67,311090
Kid Sister,spotify:artist:3FTzn86WmApHmwBMGVSEXE,3FTzn86WmApHmwBMGVSEXE,43,9040
The Weeknd,spotify:artist:1Xyo4u8uXC1ZmMpatF05PJ,1Xyo4u8uXC1ZmMpatF05PJ,94,752552
Gwen Stefani,spotify:artist:4yiQZ8tQPux8cPriYMWUFP,4yiQZ8tQPux8cPriYMWUFP,78,224074
Cher Lloyd,spotify:artist:4m4SfDVbF5wxrwEjDKgi4k,4m4SfDVbF5wxrwEjDKgi4k,74,567675
Ariana Grande,spotify:artist:66CXWjxzNUsdJxJ2JdwvnR,66CXWjxzNUsdJxJ2JdwvnR,95,1950641
Selena Gomez,spotify:artist:0C8ZW7ezQVs4URX5aX7Kqx,0C8ZW7ezQVs4URX5aX7Kqx,86,954604
Bridgit Mendler,spotify:artist:4VhL8KLjVso4vLfOLVViTb,4VhL8KLjVso4vLfOLVViTb,66,268132
Nick Jonas,spotify:artist:4Rxn7Im3LGfyRkY2FlHhWi,4Rxn7Im3LGfyRkY2FlHhWi,83,219379
Cody Simpson,spotify:artist:79Xp2rRN7wdsaTJgttdX3K,79Xp2rRN7wdsaTJgttdX3K,75,279051
Demi Lovato,spotify:artist:6S2OmqARrzebs0tKUEyXyp,6S2OmqARrzebs0tKUEyXyp,84,1292446
Victoria Justice,spotify:artist:2OTfr6S2kuHRYStjt1IkY6,2OTfr6S2kuHRYStjt1IkY6,62,51175
Zendaya,spotify:artist:6sCbFbEjbYepqswM1vWjjs,6sCbFbEjbYepqswM1vWjjs,67,188796
Victorious Cast,spotify:artist:1KYszkVzlhV3rAqmAcYIgd,1KYszkVzlhV3rAqmAcYIgd,62,124897
Miley Cyrus,spotify:artist:5YGY8feqx7naU7z4HrwZM6,5YGY8feqx7naU7z4HrwZM6,84,1285045
Emily Osment,spotify:artist:7rPQ2z1ji1ctJ6oGYBAo6M,7rPQ2z1ji1ctJ6oGYBAo6M,48,46297
Miranda Cosgrove,spotify:artist:3SYGWAHCe31oykdeUPpoJp,3SYGWAHCe31oykdeUPpoJp,53,66104
Fifth Harmony,spotify:artist:1l8Fu6IkuTP0U5QetQJ5Xt,1l8Fu6IkuTP0U5QetQJ5Xt,86,396935
Selena Gomez & The Scene,spotify:artist:6dJeKm76NjfXBNTpHmOhfO,6dJeKm76NjfXBNTpHmOhfO,71,132517
78violet,spotify:artist:5GADIJpXAjArLQXb0NXXWZ,5GADIJpXAjArLQXb0NXXWZ,28,3357
One Direction,spotify:artist:4AK6F7OLvEQ5QYCBNiQWHq,4AK6F7OLvEQ5QYCBNiQWHq,92,3168058
Justin Bieber,spotify:artist:1uNFoZAHBGtllmzznpCI3s,1uNFoZAHBGtllmzznpCI3s,89,2481081
Jennette McCurdy,spotify:artist:3AoFRPmkjP1WTi2Zu7gbZV,3AoFRPmkjP1WTi2Zu7gbZV,41,24961
Rebecca Black,spotify:artist:3Vl9fyKMIdLMswk8ai3mm9,3Vl9fyKMIdLMswk8ai3mm9,46,10136
Taylor Swift,spotify:artist:06HL4z0CvFAxyc27GXpf02,06HL4z0CvFAxyc27GXpf02,75,2900630
Carrie Underwood,spotify:artist:4xFUf1FHVy696Q1JQZMTRj,4xFUf1FHVy696Q1JQZMTRj,78,539177
Kelly Clarkson,spotify:artist:3BmGtnKgCSGYIUhmivXKWX,3BmGtnKgCSGYIUhmivXKWX,86,965454
Katy Perry,spotify:artist:6jJ0s89eD6GaHleKKya26X,6jJ0s89eD6GaHleKKya26X,89,3531106
The Wreckers,spotify:artist:2jI32eTOcSx2bn1MGgRyei,2jI32eTOcSx2bn1MGgRyei,55,13337
Lady Antebellum,spotify:artist:32WkQRZEVKSzVAAYqukAEA,32WkQRZEVKSzVAAYqukAEA,76,693961
Avril Lavigne,spotify:artist:0p4nmQO2msCgU4IF37Wi3j,0p4nmQO2msCgU4IF37Wi3j,79,781287
Shania Twain,spotify:artist:5e4Dhzv426EvQe3aDb64jL,5e4Dhzv426EvQe3aDb64jL,73,173875
Miranda Lambert,spotify:artist:66lH4jAE7pqPlOlzUKbwA0,66lH4jAE7pqPlOlzUKbwA0,76,384841
Jessie James,spotify:artist:2oPXxg1IOzTBPDro5cJBJj,2oPXxg1IOzTBPDro5cJBJj,49,14143
Kellie Pickler,spotify:artist:021hNAnkFIbyFyL97br6NB,021hNAnkFIbyFyL97br6NB,54,38065
LeAnn Rimes,spotify:artist:2d3VHzlOEwXvmBdS4pzOPL,2d3VHzlOEwXvmBdS4pzOPL,64,42882
Hilary Duff,spotify:artist:2S9W9aSAd7e5mp8WqWxN2h,2S9W9aSAd7e5mp8WqWxN2h,66,121438
Faith Hill,spotify:artist:25NQNriVT2YbSW80ILRWJa,25NQNriVT2YbSW80ILRWJa,67,74463
Dixie Chicks,spotify:artist:25IG9fa7cbdmCIy3OnuH57,25IG9fa7cbdmCIy3OnuH57,69,144725
Ashley Tisdale,spotify:artist:2ddxtfC0oS8LoktXUHE7YL,2ddxtfC0oS8LoktXUHE7YL,58,67874
Jonas Brothers,spotify:artist:7gOdHgIoIKoe4i9Tta6qdD,7gOdHgIoIKoe4i9Tta6qdD,68,189149
Sam Smith,spotify:artist:2wY79sveU1sp5g7SokKOiI,2wY79sveU1sp5g7SokKOiI,96,1408167
Sia,spotify:artist:5WUlDfRSoLAfcVSX1WnrxN,5WUlDfRSoLAfcVSX1WnrxN,93,862524
Ed Sheeran,spotify:artist:6eUKZXaKkcviH0Ku9w2n3V,6eUKZXaKkcviH0Ku9w2n3V,97,3798277
Magic!,spotify:artist:0DxeaLnv6SyYk2DOqkLO8c,0DxeaLnv6SyYk2DOqkLO8c,82,296419
Ella Henderson,spotify:artist:7nDsS0l5ZAzMedVRKPP8F1,7nDsS0l5ZAzMedVRKPP8F1,80,121034
John Newman,spotify:artist:34v5MVKeQnIo0CWYMbbrPf,34v5MVKeQnIo0CWYMbbrPf,84,233288
Ella Eyre,spotify:artist:66TrUkUZ3RM29dqeDQRgyA,66TrUkUZ3RM29dqeDQRgyA,75,68413
Tove Lo,spotify:artist:4NHQUGzhtTLFvgF5SZesLK,4NHQUGzhtTLFvgF5SZesLK,87,293506
Rixton,spotify:artist:0kkxsdcaWmWU2yWAqclDh4,0kkxsdcaWmWU2yWAqclDh4,75,138014
Adele,spotify:artist:4dpARuHxo51G3z768sgnrY,4dpARuHxo51G3z768sgnrY,84,2546384
Adam Levine,spotify:artist:4bYPcJP5jwMhSivRcqie2n,4bYPcJP5jwMhSivRcqie2n,73,56996
Clean Bandit,spotify:artist:6MDME20pz9RveH9rEXvrOM,6MDME20pz9RveH9rEXvrOM,84,285795
John Legend,spotify:artist:5y2Xq6xcjJb2jVM54GHK3t,5y2Xq6xcjJb2jVM54GHK3t,89,834346
Ellie Goulding,spotify:artist:0X2BH1fck6amBIoJhDVmmJ,0X2BH1fck6amBIoJhDVmmJ,95,1924971
Hozier,spotify:artist:2FXC3k01G6Gw61bmprjgqS,2FXC3k01G6Gw61bmprjgqS,91,577775
Maroon 5,spotify:artist:04gDigrS5kc9YWfZHwBETP,04gDigrS5kc9YWfZHwBETP,96,5233342
Meghan Trainor,spotify:artist:6JL8zeS1NmiOftqZTRgdTz,6JL8zeS1NmiOftqZTRgdTz,90,614301
Nicki Minaj,spotify:artist:0hCNtLu0JehylgoiP8L4Gh,0hCNtLu0JehylgoiP8L4Gh,96,3045432
Ciara,spotify:artist:2NdeV5rLm47xAvogXrYhJX,2NdeV5rLm47xAvogXrYhJX,77,381222
Maroon 5,spotify:artist:04gDigrS5kc9YWfZHwBETP,04gDigrS5kc9YWfZHwBETP,96,5233342
OneRepublic,spotify:artist:5Pwc4xIPtQLFEnJriah9YJ,5Pwc4xIPtQLFEnJriah9YJ,86,1328314
Bruno Mars,spotify:artist:0du5cEVh5yTK9QJze8zA0C,0du5cEVh5yTK9QJze8zA0C,94,3192138
Train,spotify:artist:3FUY2gzHeIiaesXtOAdB7A,3FUY2gzHeIiaesXtOAdB7A,79,1329802
The Script,spotify:artist:3AQRLZ9PuTAozP28Skbq8V,3AQRLZ9PuTAozP28Skbq8V,84,1296556
Kara's Flowers,spotify:artist:75qhTKV9Lo4yobMuQgSFse,75qhTKV9Lo4yobMuQgSFse,31,1556
Gavin DeGraw,spotify:artist:5DYAABs8rkY9VhwtENoQCz,5DYAABs8rkY9VhwtENoQCz,75,396072
John Mayer,spotify:artist:0hEurMDQu99nJRq8pTxO14,0hEurMDQu99nJRq8pTxO14,86,1376157
P!nk,spotify:artist:1KCSPY1glIKqW2TotWuXOR,1KCSPY1glIKqW2TotWuXOR,82,1286350
MIKA,spotify:artist:5MmVJVhhYKQ86izuGHzJYA,5MmVJVhhYKQ86izuGHzJYA,73,322455
James Blunt,spotify:artist:7KMqksf0UMdyA0UCf4R3ux,7KMqksf0UMdyA0UCf4R3ux,80,459715
Jason Mraz,spotify:artist:4phGZZrJZRo4ElhRtViYdl,4phGZZrJZRo4ElhRtViYdl,83,1062404
Daniel Powter,spotify:artist:7xTcuBOIAAIGDOSvwYFPzk,7xTcuBOIAAIGDOSvwYFPzk,65,46892
Justin Timberlake,spotify:artist:31TPClRtHm23RisEBtV3X7,31TPClRtHm23RisEBtV3X7,86,1466404
Five For Fighting,spotify:artist:7FgMLbnZVrEnir95O0YujA,7FgMLbnZVrEnir95O0YujA,64,67019
The Fray,spotify:artist:0zOcE3mg9nS6l3yxt1Y0bK,0zOcE3mg9nS6l3yxt1Y0bK,78,755910
Rob Thomas,spotify:artist:3aBkeBhwadnWMWoVJ2CxJC,3aBkeBhwadnWMWoVJ2CxJC,65,47566
Meghan Trainor,spotify:artist:6JL8zeS1NmiOftqZTRgdTz,6JL8zeS1NmiOftqZTRgdTz,90,614301
Shawn Mendes,spotify:artist:7n2wHs1TKAczGzO7Dd2rGr,7n2wHs1TKAczGzO7Dd2rGr,81,299138
Tom Dobson,spotify:artist:7v3EgoCFiwCBVgoqa4c9Zq,7v3EgoCFiwCBVgoqa4c9Zq,12,77
Sara Jane,spotify:artist:78ui11dvt3HQ9zMENxSU6O,78ui11dvt3HQ9zMENxSU6O,33,118
G.R.L.,spotify:artist:3Yl4nkmEa8BSuGWbwhdLDq,3Yl4nkmEa8BSuGWbwhdLDq,76,58518
Katy Tiz,spotify:artist:2E19mfEFhCr6UgZUYJGOEW,2E19mfEFhCr6UgZUYJGOEW,58,5346
Troye Sivan,spotify:artist:3WGpXCj9YhhfX11TToZcXP,3WGpXCj9YhhfX11TToZcXP,70,321056
Bea Miller,spotify:artist:1o2NpYGqHiCq7FoiYdyd1x,1o2NpYGqHiCq7FoiYdyd1x,65,62665
Olivia Somerlyn,spotify:artist:6atFLBFAPCWL0gtI9ckhYK,6atFLBFAPCWL0gtI9ckhYK,47,1383
Echosmith,spotify:artist:1PbBg2aYjWLKRk84zJK15x,1PbBg2aYjWLKRk84zJK15x,83,212197
Ed Sheeran,spotify:artist:6eUKZXaKkcviH0Ku9w2n3V,6eUKZXaKkcviH0Ku9w2n3V,97,3798277
Sia,spotify:artist:5WUlDfRSoLAfcVSX1WnrxN,5WUlDfRSoLAfcVSX1WnrxN,93,862524
Frou Frou,spotify:artist:6MUyqmIQ35inLjch0YzIEG,6MUyqmIQ35inLjch0YzIEG,55,32046
Imogen Heap,spotify:artist:6Xb4ezwoAQC4516kI89nWz,6Xb4ezwoAQC4516kI89nWz,65,135948
Emiliana Torrini,spotify:artist:08j69Ndyx1P7RLO3Janb5P,08j69Ndyx1P7RLO3Janb5P,66,62767
Natalie Walker,spotify:artist:31Az4QOGpXowht4dz0ks7a,31Az4QOGpXowht4dz0ks7a,39,3989
Jem,spotify:artist:4v4xuH9VypORYabMnhPLt1,4v4xuH9VypORYabMnhPLt1,53,17895
Flunk,spotify:artist:1Tz1kM5vFyBpzD22fHW609,1Tz1kM5vFyBpzD22fHW609,49,10923
Zero 7,spotify:artist:14H7ag1wpQOsPPQJOD6Dqr,14H7ag1wpQOsPPQJOD6Dqr,65,108198
Lana Del Rey,spotify:artist:00FQb4jTyendYWaN8pK0wa,00FQb4jTyendYWaN8pK0wa,89,3129680
Esthero,spotify:artist:1VmTG1NmumTwTIOGbew6gH,1VmTG1NmumTwTIOGbew6gH,47,6214
Goldfrapp,spotify:artist:5BKsn7SCN2XmbF7apdCpRS,5BKsn7SCN2XmbF7apdCpRS,63,109781
Moloko,spotify:artist:4aaBjq7VqqQvpSF69GglvO,4aaBjq7VqqQvpSF69GglvO,57,44788
Kate Havnevik,spotify:artist:6lb32Pf1I52GnEfnDlu9FR,6lb32Pf1I52GnEfnDlu9FR,44,6615
Dido,spotify:artist:2mpeljBig2IXLXRAFO9AAs,2mpeljBig2IXLXRAFO9AAs,73,187054
Everything But The Girl,spotify:artist:13ccXrK7AmXb4TddMkE7jy,13ccXrK7AmXb4TddMkE7jy,60,46312
Martina Topley Bird,spotify:artist:6sKLLGj7SqbP2qDBdEOoZ6,6sKLLGj7SqbP2qDBdEOoZ6,47,10190
Jeremih,spotify:artist:3KV3p5EY4AvKxOlhGHORLg,3KV3p5EY4AvKxOlhGHORLg,87,230168
Trey Songz,spotify:artist:2iojnBLj0qIMiKPvVhLnsH,2iojnBLj0qIMiKPvVhLnsH,85,868277
Chris Brown,spotify:artist:7bXgB6jMjp9ATFy66eO08Z,7bXgB6jMjp9ATFy66eO08Z,96,2184430
Ne-Yo,spotify:artist:21E3waRsmPlU7jZsS13rcj,21E3waRsmPlU7jZsS13rcj,91,747220
Ray J,spotify:artist:6gbGGM0E8Q1hE511psqxL0,6gbGGM0E8Q1hE511psqxL0,61,30683
Omarion,spotify:artist:0f5nVCcR06GX8Qikz0COtT,0f5nVCcR06GX8Qikz0COtT,77,86421
Usher,spotify:artist:23zg3TcAtWQy7J6upgbUnj,23zg3TcAtWQy7J6upgbUnj,89,2282899
The-Dream,spotify:artist:1W3FSF1BLpY3hlVIgvenLz,1W3FSF1BLpY3hlVIgvenLz,75,93809
Lloyd,spotify:artist:1Xfmvd48oOhEWkscWyEbh9,1Xfmvd48oOhEWkscWyEbh9,68,129818
Pleasure P,spotify:artist:6dROiL44pIQZVNZ6Bc0OJO,6dROiL44pIQZVNZ6Bc0OJO,57,40824
T-Pain,spotify:artist:3aQeKQSyrW4qWr35idm0cy,3aQeKQSyrW4qWr35idm0cy,80,364199
J. Holiday,spotify:artist:7G6hXrjGpi6I7waNl4wxAk,7G6hXrjGpi6I7waNl4wxAk,61,57032
DAY26,spotify:artist:7dpKVB4mK3ufNdZOpMKtrd,7dpKVB4mK3ufNdZOpMKtrd,50,14393
Sterling Simms,spotify:artist:3KLnSYaRRa4Kur781SHxUL,3KLnSYaRRa4Kur781SHxUL,49,2980
Jamie Foxx,spotify:artist:7LnaAXbDVIL75IVPnndf7w,7LnaAXbDVIL75IVPnndf7w,74,121077
Drake,spotify:artist:3TVXtAsR1Inumwj472S9r4,3TVXtAsR1Inumwj472S9r4,100,3211265
Pretty Ricky,spotify:artist:6XwcepfAsPhrvwziGxhwju,6XwcepfAsPhrvwziGxhwju,62,62794
Ryan Leslie,spotify:artist:3aTMDZLtkFlYQfQL7bzccp,3aTMDZLtkFlYQfQL7bzccp,59,41902
Miguel,spotify:artist:360IAlyVv4PCEVjgyMZrxK,360IAlyVv4PCEVjgyMZrxK,79,366098
Bobby Valentino,spotify:artist:5rMYdl2jIdVlEL6ChUB2aB,5rMYdl2jIdVlEL6ChUB2aB,35,2418
Bobby V.,spotify:artist:4HgF4KnohByNElYid7iCNb,4HgF4KnohByNElYid7iCNb,62,27181
Calvin Harris,spotify:artist:7CajNmpbOovFoOoasH2HaY,7CajNmpbOovFoOoasH2HaY,94,3188555
Jessie J,spotify:artist:2gsggkzM5R49q6jpPvazou,2gsggkzM5R49q6jpPvazou,87,1107519
Nicole Scherzinger,spotify:artist:40xbWSB4JPdOkRyuTDy1oP,40xbWSB4JPdOkRyuTDy1oP,69,116049
Pixie Lott,spotify:artist:3EBRANWwnViQuBrImN61Z1,3EBRANWwnViQuBrImN61Z1,62,98674
Leona Lewis,spotify:artist:5lKZWd6HiSCLfnDGrq9RAm,5lKZWd6HiSCLfnDGrq9RAm,71,223068
Cheryl,spotify:artist:3NyNPJaemMYsL14DK2tO01,3NyNPJaemMYsL14DK2tO01,65,134935
Ke$ha,spotify:artist:6LqNN22kT3074XbTVUrhzX,6LqNN22kT3074XbTVUrhzX,81,1013576
Alexandra Burke,spotify:artist:6yZoNdsPrYLviaEOOzbZt8,6yZoNdsPrYLviaEOOzbZt8,55,41747
Olly Murs,spotify:artist:3whuHq0yGx60atvA2RCVRW,3whuHq0yGx60atvA2RCVRW,83,504219
Natalia Kills,spotify:artist:6wdvERzX4CUCOXu6hSS95x,6wdvERzX4CUCOXu6hSS95x,63,50953
The Saturdays,spotify:artist:15qI5w4XJFLRMwOp2VrlD5,15qI5w4XJFLRMwOp2VrlD5,59,82275
Britney Spears,spotify:artist:26dSoYclwsYLMAKD3tpOr4,26dSoYclwsYLMAKD3tpOr4,82,983852
Magic!,spotify:artist:0DxeaLnv6SyYk2DOqkLO8c,0DxeaLnv6SyYk2DOqkLO8c,82,296419
Nico & Vinz,spotify:artist:0awl5piYwO0CDTHEkCjUhn,0awl5piYwO0CDTHEkCjUhn,80,136700
Sheppard,spotify:artist:6VxCmtR7S3yz4vnzsJqhSV,6VxCmtR7S3yz4vnzsJqhSV,80,70172
The Madden Brothers,spotify:artist:5geIMZUDvBE9CwP2iBnBuM,5geIMZUDvBE9CwP2iBnBuM,56,13697
The Vamps,spotify:artist:7gAppWoH7pcYmphCVTXkzs,7gAppWoH7pcYmphCVTXkzs,73,361286
American Authors,spotify:artist:0MlOPi3zIDMVrfA9R04Fe3,0MlOPi3zIDMVrfA9R04Fe3,75,163937
Bobby Shmurda,spotify:artist:34Y0ldeyUv7jBvukWOGASO,34Y0ldeyUv7jBvukWOGASO,73,113478
Snootie Wild,spotify:artist:1YXg2Chm7UfZAUAkjJEpqK,1YXg2Chm7UfZAUAkjJEpqK,64,22506
Rae Sremmurd,spotify:artist:7iZtZyCzp3LItcw1wtPI3D,7iZtZyCzp3LItcw1wtPI3D,83,174926
Migos,spotify:artist:6oMuImdp5ZcFhWP0ESe6mG,6oMuImdp5ZcFhWP0ESe6mG,77,170368
Rich Gang,spotify:artist:6h2J3dxLnTyURwIUBumKog,6h2J3dxLnTyURwIUBumKog,72,71071
O.T. Genasis,spotify:artist:1Zatb2YN4erBOoSivOXc0o,1Zatb2YN4erBOoSivOXc0o,72,27780
K CAMP,spotify:artist:5bgfj5zUoWpyeVatGDjn6H,5bgfj5zUoWpyeVatGDjn6H,74,81705
Og Maco,spotify:artist:0nvvVQhPQGkYTJlThLbJeu,0nvvVQhPQGkYTJlThLbJeu,61,12224
Troy Ave,spotify:artist:3cvKNz7BwIY404XtZ5tpUW,3cvKNz7BwIY404XtZ5tpUW,64,7146
A$AP Ferg,spotify:artist:5dHt1vcEm9qb8fCyLcB3HL,5dHt1vcEm9qb8fCyLcB3HL,77,136668
DJ Mustard,spotify:artist:0YinUQ50QDB7ZxSCLyQ40k,0YinUQ50QDB7ZxSCLyQ40k,74,29620
Kevin Gates,spotify:artist:1gPhS1zisyXr5dHTYZyiMe,1gPhS1zisyXr5dHTYZyiMe,79,135610
Rich Homie Quan,spotify:artist:5lHRUCqkQZCIWeX7xG4sYT,5lHRUCqkQZCIWeX7xG4sYT,81,169130
Mike Will Made It,spotify:artist:0NWbwDZY1VkRqFafuQm6wk,0NWbwDZY1VkRqFafuQm6wk,70,48106
French Montana,spotify:artist:6vXTefBL93Dj5IqAWq6OTv,6vXTefBL93Dj5IqAWq6OTv,82,201604
Big Sean,spotify:artist:0c173mlxpT3dSFRgMO8XPh,0c173mlxpT3dSFRgMO8XPh,92,879385
I LOVE MAKONNEN,spotify:artist:3aGFCoR8xGN6DKwvdzeSja,3aGFCoR8xGN6DKwvdzeSja,75,40884
We Are Toonz,spotify:artist:4rN9gEi2IbnV59Tm4kid4c,4rN9gEi2IbnV59Tm4kid4c,53,8833
Ty Dolla $ign,spotify:artist:7c0XG5cIJTrrAgEC3ULPiq,7c0XG5cIJTrrAgEC3ULPiq,81,117721
Lil Durk,spotify:artist:3hcs9uc56yIGFCSy9leWe7,3hcs9uc56yIGFCSy9leWe7,59,43166
Chief Keef,spotify:artist:15iVAtD3s3FsQR4w1v6M0P,15iVAtD3s3FsQR4w1v6M0P,74,176258
Florida Georgia Line,spotify:artist:3b8QkneNDz4JHKKKlLgYZg,3b8QkneNDz4JHKKKlLgYZg,82,335515
Kip Moore,spotify:artist:2hJPr4lk7Q8SSvCVBl9fWM,2hJPr4lk7Q8SSvCVBl9fWM,69,96368
Thomas Rhett,spotify:artist:6x2LnllRG5uGarZMsD4iO8,6x2LnllRG5uGarZMsD4iO8,72,55925
Tyler Farr,spotify:artist:3vHV92ecrylnUHDM4d2MtC,3vHV92ecrylnUHDM4d2MtC,68,28384
Chase Rice,spotify:artist:6pBNfggcZZDCmb0p92OnGn,6pBNfggcZZDCmb0p92OnGn,70,45950
Luke Bryan,spotify:artist:0BvkDsjIUla7X0k6CSWh1I,0BvkDsjIUla7X0k6CSWh1I,84,834877
Randy Houser,spotify:artist:56x8mYvS3cyDGAi8N2FxbB,56x8mYvS3cyDGAi8N2FxbB,67,39717
Brantley Gilbert,spotify:artist:5q8HGNo0BjLWaTAhRtbwxa,5q8HGNo0BjLWaTAhRtbwxa,73,169149
Dustin Lynch,spotify:artist:1dID9zgn0OV0Y8ud7Mh2tS,1dID9zgn0OV0Y8ud7Mh2tS,69,64530
Justin Moore,spotify:artist:30e8DmahrEamvLbFRPdWmk,30e8DmahrEamvLbFRPdWmk,67,114340
David Nail,spotify:artist:4DZGvSv2oMkBUnPz67E6z6,4DZGvSv2oMkBUnPz67E6z6,66,42901
Easton Corbin,spotify:artist:070kGpqtESdDsLb3gdMIyx,070kGpqtESdDsLb3gdMIyx,67,63436
Hunter Hayes,spotify:artist:7H6dkUChT5EoOQtUVMg4cN,7H6dkUChT5EoOQtUVMg4cN,73,456657
Jerrod Niemann,spotify:artist:0RKP52f5PNDCRZ9Luq2Sr7,0RKP52f5PNDCRZ9Luq2Sr7,64,97285
Jake Owen,spotify:artist:1n2pb9Tsfe4SwAjmUac6YT,1n2pb9Tsfe4SwAjmUac6YT,73,227272
Brett Eldredge,spotify:artist:0qSX3s5pJnAlSsgsCne8Cz,0qSX3s5pJnAlSsgsCne8Cz,70,36125
Lee Brice,spotify:artist:5Zq7R5qmi58ByYyBQTlNuk,5Zq7R5qmi58ByYyBQTlNuk,75,182127
Craig Campbell,spotify:artist:7tkwiWhGKSuQV8LwPWceWN,7tkwiWhGKSuQV8LwPWceWN,56,16447
Love and Theft,spotify:artist:03a5eVjzFyQlR4XyVSwt4t,03a5eVjzFyQlR4XyVSwt4t,63,91340
Zac Brown Band,spotify:artist:6yJCxee7QumYr820xdIsjo,6yJCxee7QumYr820xdIsjo,79,513366
Dierks Bentley,spotify:artist:7x8nK0m0cP2ksQf0mjWdPS,7x8nK0m0cP2ksQf0mjWdPS,75,235898
Rae Sremmurd,spotify:artist:7iZtZyCzp3LItcw1wtPI3D,7iZtZyCzp3LItcw1wtPI3D,83,174926
P Reign,spotify:artist:0bdJZl7TDeiymDYzMJnVh2,0bdJZl7TDeiymDYzMJnVh2,69,8592
Fetty Wap,spotify:artist:6PXS4YHDkKvl1wkIl4V8DL,6PXS4YHDkKvl1wkIl4V8DL,79,25954
Dej Loaf,spotify:artist:7kFfY4UjNdNyaeUgLIEbIF,7kFfY4UjNdNyaeUgLIEbIF,74,35258
Future,spotify:artist:1RyvyyTE3xzB2ZywiAwp0i,1RyvyyTE3xzB2ZywiAwp0i,79,387391
Kid Ink,spotify:artist:6KZDXtSj0SzGOV705nNeh3,6KZDXtSj0SzGOV705nNeh3,88,445828
Jason Derulo,spotify:artist:07YZf4WDAMNwqr4jfgOZ8y,07YZf4WDAMNwqr4jfgOZ8y,88,1312663
Flo Rida,spotify:artist:0jnsk9HBra6NMjO2oANoPY,0jnsk9HBra6NMjO2oANoPY,90,3545373
Jay Sean,spotify:artist:4pADjHPWyrlAF0FA7joK2H,4pADjHPWyrlAF0FA7joK2H,67,153463
Taio Cruz,spotify:artist:6MF9fzBmfXghAz953czmBC,6MF9fzBmfXghAz953czmBC,70,626684
Pitbull,spotify:artist:0TnOYISbd1XYRBk9myaseg,0TnOYISbd1XYRBk9myaseg,93,2425632
Iyaz,spotify:artist:5tKXB9uuebKE34yowVaU3C,5tKXB9uuebKE34yowVaU3C,62,76528
Sean Kingston,spotify:artist:6S0dmVVn4udvppDhZIWxCr,6S0dmVVn4udvppDhZIWxCr,69,167306
will.i.am,spotify:artist:085pc2PYOi8bGKj0PNjekA,085pc2PYOi8bGKj0PNjekA,81,824551
Akon,spotify:artist:0z4gvV4rjIZ9wHck67ucSV,0z4gvV4rjIZ9wHck67ucSV,82,473296
Timbaland,spotify:artist:5Y5TRrQiqgUO4S36tzjIRZ,5Y5TRrQiqgUO4S36tzjIRZ,78,234453
Tove Lo,spotify:artist:4NHQUGzhtTLFvgF5SZesLK,4NHQUGzhtTLFvgF5SZesLK,87,293506
Bebe Rexha,spotify:artist:64M6ah0SkkRsnPGtGiRAbb,64M6ah0SkkRsnPGtGiRAbb,78,28643
Betty Who,spotify:artist:0t3QQl52F463sxGXb1ckhB,0t3QQl52F463sxGXb1ckhB,67,44525
Elliphant,spotify:artist:134GdR5tUtxJrf8cpsfpyY,134GdR5tUtxJrf8cpsfpyY,68,32308
Lorde,spotify:artist:163tK9Wjr9P9DmM0AVK7lm,163tK9Wjr9P9DmM0AVK7lm,84,1219440
Fences,spotify:artist:6vjCIhbLklvyaDBgCcpH57,6vjCIhbLklvyaDBgCcpH57,63,19280
Mapei,spotify:artist:6baWjwY7WiVPCZcW7pqqhz,6baWjwY7WiVPCZcW7pqqhz,65,24905
Broods,spotify:artist:5r5Va4lVQ1zjEfbJSrmCsS,5r5Va4lVQ1zjEfbJSrmCsS,73,99223
Nate Ruess,spotify:artist:1qUjOF5fzrpoNycD36b2jZ,1qUjOF5fzrpoNycD36b2jZ,76,23392
Clean Bandit,spotify:artist:6MDME20pz9RveH9rEXvrOM,6MDME20pz9RveH9rEXvrOM,84,285795
Kiesza,spotify:artist:4zxvC7CRGvggq9EWXOpwAo,4zxvC7CRGvggq9EWXOpwAo,78,131849
Disclosure,spotify:artist:6nS5roXSAGhTGr34W6n7Et,6nS5roXSAGhTGr34W6n7Et,81,557484
Naughty Boy,spotify:artist:1bT7m67vi78r2oqvxrP3X5,1bT7m67vi78r2oqvxrP3X5,74,96295
Rudimental,spotify:artist:4WN5naL3ofxrVBgFpguzKo,4WN5naL3ofxrVBgFpguzKo,75,398306
Route 94,spotify:artist:1dgdvbogmctybPrGEcnYf6,1dgdvbogmctybPrGEcnYf6,67,32939
Gorgon City,spotify:artist:4VNQWV2y1E97Eqo2D5UTjx,4VNQWV2y1E97Eqo2D5UTjx,73,56923
Katy B,spotify:artist:5EUdiv20t58GCS09VMKk7M,5EUdiv20t58GCS09VMKk7M,64,66185
Bastille,spotify:artist:7EQ0qTo7fWT7DPxmxtSYEc,7EQ0qTo7fWT7DPxmxtSYEc,84,1228014
Duke Dumont,spotify:artist:61lyPtntblHJvA7FMMhi7E,61lyPtntblHJvA7FMMhi7E,71,78830
DJ Cassidy,spotify:artist:1xLOb1CC0N70wA28T7Q5uE,1xLOb1CC0N70wA28T7Q5uE,50,2945
Neon Jungle,spotify:artist:0JEvQJxxsnNUo6LQygr4AL,0JEvQJxxsnNUo6LQygr4AL,58,30872
Faul & Wad Ad,spotify:artist:6HUm6AHJE0oisACMN6NNJ5,6HUm6AHJE0oisACMN6NNJ5,69,31353
Foxes,spotify:artist:7qRll6DYV06u2VuRPAVqug,7qRll6DYV06u2VuRPAVqug,74,83734
Sigma,spotify:artist:01pKrlgPJhm5dB4lneYAqS,01pKrlgPJhm5dB4lneYAqS,74,41162
Jessie Ware,spotify:artist:5Mq7iqCWBzofK39FBqblNc,5Mq7iqCWBzofK39FBqblNc,78,194289
Chris Brown,spotify:artist:7bXgB6jMjp9ATFy66eO08Z,7bXgB6jMjp9ATFy66eO08Z,96,2184430
Keri Hilson,spotify:artist:63wjoROpeh5f11Qm93UiJ1,63wjoROpeh5f11Qm93UiJ1,69,114012
Colby O'Donis,spotify:artist:7fObcBw9VM3x7ntWKCYl0z,7fObcBw9VM3x7ntWKCYl0z,66,13247
Kelly Rowland,spotify:artist:3AuMNF8rQAKOzjYppFNAoB,3AuMNF8rQAKOzjYppFNAoB,73,318078
Cassie,spotify:artist:27FGXRNruFoOdf1vP8dqcH,27FGXRNruFoOdf1vP8dqcH,67,58013
Jason Aldean,spotify:artist:3FfvYsEGaIb52QPXhg4DcH,3FfvYsEGaIb52QPXhg4DcH,63,748366
Blake Shelton,spotify:artist:1UTPBmNbXNTittyMJrNkvw,1UTPBmNbXNTittyMJrNkvw,79,857635
Rodney Atkins,spotify:artist:2qgvmDsc4jrqbAbjq1HGM2,2qgvmDsc4jrqbAbjq1HGM2,67,90272
Chris Cagle,spotify:artist:1zhIzONVRlTfD1VQRauHMl,1zhIzONVRlTfD1VQRauHMl,60,43181
Chris Young,spotify:artist:4BYxqVkZyFjtik7crYLg5Q,4BYxqVkZyFjtik7crYLg5Q,73,211678
Tim McGraw,spotify:artist:6roFdX1y5BYSbp60OTJWMd,6roFdX1y5BYSbp60OTJWMd,78,358152
Josh Turner,spotify:artist:7vCtweS8UVAXTyau2j0rDT,7vCtweS8UVAXTyau2j0rDT,71,166954
Billy Currington,spotify:artist:1By9QBFnjZAoI83BZppHlt,1By9QBFnjZAoI83BZppHlt,73,143780
Eric Church,spotify:artist:2IvkS5MXK0vPGnwyJsrEyV,2IvkS5MXK0vPGnwyJsrEyV,79,436605
Craig Morgan,spotify:artist:6ktyNEnEukKzskQEiXgCFD,6ktyNEnEukKzskQEiXgCFD,62,57446
Montgomery Gentry,spotify:artist:3bGXaFVQLASmDMdjjeJr8a,3bGXaFVQLASmDMdjjeJr8a,63,62646
Joe Nichols,spotify:artist:4aJTB79uwT4sP0Nb8QGWHc,4aJTB79uwT4sP0Nb8QGWHc,67,47456
Darius Rucker,spotify:artist:7FY5V3XMwlNBPitEjXowHQ,7FY5V3XMwlNBPitEjXowHQ,74,158056
Rascal Flatts,spotify:artist:0a1gHP0HAqALbEyxaD5Ngn,0a1gHP0HAqALbEyxaD5Ngn,75,389710
Little Big Town,spotify:artist:3CygdxquGHurS7f9LjNLkv,3CygdxquGHurS7f9LjNLkv,72,115988
Big & Rich,spotify:artist:0oBEeN6BCxEgMogzThqrPf,0oBEeN6BCxEgMogzThqrPf,64,53675
Brad Paisley,spotify:artist:13YmWQJFwgZrd4bf5IjMY4,13YmWQJFwgZrd4bf5IjMY4,76,409815
Kenny Chesney,spotify:artist:3grHWM9bx2E9vwJCdlRv9O,3grHWM9bx2E9vwJCdlRv9O,78,443494
Hozier,spotify:artist:2FXC3k01G6Gw61bmprjgqS,2FXC3k01G6Gw61bmprjgqS,91,577775
James Bay,spotify:artist:4EzkuveR9pLvDVFNx6foYD,4EzkuveR9pLvDVFNx6foYD,88,175192
Vance Joy,spotify:artist:10exVja0key0uqUkk6LJRT,10exVja0key0uqUkk6LJRT,84,256678
Milky Chance,spotify:artist:1hzfo8twXdOegF3xireCYs,1hzfo8twXdOegF3xireCYs,81,277655
George Ezra,spotify:artist:2ysnwxxNtSgbb9t1m2Ur4j,2ysnwxxNtSgbb9t1m2Ur4j,84,307062
James Vincent McMorrow,spotify:artist:7FDlvgcodNfC0IBdWevl4u,7FDlvgcodNfC0IBdWevl4u,74,205355
Elle King,spotify:artist:3bhu7P5PfngueRHiB9hjcx,3bhu7P5PfngueRHiB9hjcx,65,15751
Kodaline,spotify:artist:4BxCuXFJrSWGi1KHcVqaU4,4BxCuXFJrSWGi1KHcVqaU4,78,235231
MisterWives,spotify:artist:5ivCbtrcD5N4rD337xIb2z,5ivCbtrcD5N4rD337xIb2z,78,82796
Lo-Fang,spotify:artist:5EDkJDlRNcMs3ewliB24QA,5EDkJDlRNcMs3ewliB24QA,67,35128
Zella Day,spotify:artist:100sLnojEpcadRx4edEBA6,100sLnojEpcadRx4edEBA6,71,42981
Foy Vance,spotify:artist:4bUqnkrDrb4f7rqmDR9yDu,4bUqnkrDrb4f7rqmDR9yDu,62,17127
Katy Perry,spotify:artist:6jJ0s89eD6GaHleKKya26X,6jJ0s89eD6GaHleKKya26X,89,3531106
Lady Gaga,spotify:artist:1HY2Jd0NmPuamShAr6KMms,1HY2Jd0NmPuamShAr6KMms,83,1350751
The Veronicas,spotify:artist:1dIdBZaaHRW2bDTkHNfWln,1dIdBZaaHRW2bDTkHNfWln,67,77224
Ashlee Simpson,spotify:artist:4hqDqHtBlgxXpLXVYf7c8L,4hqDqHtBlgxXpLXVYf7c8L,59,30431
Natasha Bedingfield,spotify:artist:7o95ZoZt5ZYn31e9z1Hc0a,7o95ZoZt5ZYn31e9z1Hc0a,69,112922
Lindsay Lohan,spotify:artist:4vRSocKbGh7PsQrYRDVMEF,4vRSocKbGh7PsQrYRDVMEF,49,21919
Jennifer Lopez,spotify:artist:2DlGxzQSjYe5N6G9nkYghR,2DlGxzQSjYe5N6G9nkYghR,81,909149
Christina Aguilera,spotify:artist:1l7ZsJRRS8wlW3WfJfPfNS,1l7ZsJRRS8wlW3WfJfPfNS,84,669746
T.I.,spotify:artist:4OBJLual30L7gRl5UkeRcT,4OBJLual30L7gRl5UkeRcT,86,612661
Ludacris,spotify:artist:3ipn9JLAPI5GUEo4y4jcoi,3ipn9JLAPI5GUEo4y4jcoi,83,357284
Lil Wayne,spotify:artist:55Aa2cqylxrFIXC767Z865,55Aa2cqylxrFIXC767Z865,93,2048822
Rick Ross,spotify:artist:1sBkRIssrMs1AbVkOJbc7a,1sBkRIssrMs1AbVkOJbc7a,85,519304
Birdman,spotify:artist:35sCXuy5gN6Or69rZ9vqBs,35sCXuy5gN6Or69rZ9vqBs,70,73869
B.o.B,spotify:artist:5ndkK3dpZLKtBklKjxNQwT,5ndkK3dpZLKtBklKjxNQwT,83,713733
Chamillionaire,spotify:artist:6vdMPayKk8YJxxeNP5oMCb,6vdMPayKk8YJxxeNP5oMCb,66,62455
Lil Jon,spotify:artist:7sfl4Xt5KmfyDs2T3SVSMK,7sfl4Xt5KmfyDs2T3SVSMK,81,191900
Yung Joc,spotify:artist:23LbwefIODbyGdRbAz3urj,23LbwefIODbyGdRbAz3urj,63,13667
Young Buck,spotify:artist:4pr7J7wzgObkE3DD3Izi7q,4pr7J7wzgObkE3DD3Izi7q,64,27735
Ying Yang Twins,spotify:artist:44PA0rCQXikgOWbfY7Fq7m,44PA0rCQXikgOWbfY7Fq7m,69,52473
Three 6 Mafia,spotify:artist:26s8LSolLfCIY88ysQbIuT,26s8LSolLfCIY88ysQbIuT,65,68791
Fabolous,spotify:artist:0YWxKQj2Go9CGHCp77UOyy,0YWxKQj2Go9CGHCp77UOyy,76,115538
JAY Z,spotify:artist:3nFkdlSjzX9mRTtwJOzDYB,3nFkdlSjzX9mRTtwJOzDYB,91,1540572
DJ Khaled,spotify:artist:0QHgL1lAIqAw0HtD7YldmP,0QHgL1lAIqAw0HtD7YldmP,76,328768
David Banner,spotify:artist:7jFaoqWPhYLrKzjzlpXmUO,7jFaoqWPhYLrKzjzlpXmUO,59,23638
Twista,spotify:artist:6vbY3hOaCAhC7VjucswgdS,6vbY3hOaCAhC7VjucswgdS,69,60326
Bubba Sparxxx,spotify:artist:3RPYHNSwe3w0mtfJwKIN9P,3RPYHNSwe3w0mtfJwKIN9P,60,20750
Lil Scrappy,spotify:artist:5einkgXXrjhfYCyac1FANB,5einkgXXrjhfYCyac1FANB,55,17102
Shawty Lo,spotify:artist:5mNB8ykTlENptzmsxXRtdS,5mNB8ykTlENptzmsxXRtdS,46,5226
Mike Jones,spotify:artist:07VmOvmuBp9G0gb8BTrpn0,07VmOvmuBp9G0gb8BTrpn0,60,21107
Rich Gang,spotify:artist:6h2J3dxLnTyURwIUBumKog,6h2J3dxLnTyURwIUBumKog,72,71071
Young Money,spotify:artist:5OrB6Jhhrl9y2PK0pSV4VP,5OrB6Jhhrl9y2PK0pSV4VP,70,98889
Juicy J,spotify:artist:5gCRApTajqwbnHHPbr2Fpi,5gCRApTajqwbnHHPbr2Fpi,89,271446
Tyga,spotify:artist:5LHRHt1k9lMyONurDHEdrp,5LHRHt1k9lMyONurDHEdrp,91,990719
Sage The Gemini,spotify:artist:6d47Z08T4snK50HgTEHo5Z,6d47Z08T4snK50HgTEHo5Z,87,100893
Ace Hood,spotify:artist:31HjiqargV4NAw4GZqUale,31HjiqargV4NAw4GZqUale,70,129086
Yo Gotti,spotify:artist:6Ha4aES39QiVjR0L2lwuwq,6Ha4aES39QiVjR0L2lwuwq,75,118408
Ca$h Out,spotify:artist:7Kp7SzuRuNiPFCy7JIwnLx,7Kp7SzuRuNiPFCy7JIwnLx,65,68668
Trinidad James,spotify:artist:0I5HubncQ8E1MFZOlPDY4J,0I5HubncQ8E1MFZOlPDY4J,69,35934
Mr. Probz,spotify:artist:33W1pnW9zScZtYTnAoWnOT,33W1pnW9zScZtYTnAoWnOT,85,140018
Kempi,spotify:artist:0FWWBkIJD4tvlDzB4O8XT7,0FWWBkIJD4tvlDzB4O8XT7,48,14283
Salah Edin,spotify:artist:61NnMiAXGKbPGObTEwcssj,61NnMiAXGKbPGObTEwcssj,35,916
Fresku,spotify:artist:5m1cLmgZIfEYPLejhLFR10,5m1cLmgZIfEYPLejhLFR10,48,19579
Zwart Licht,spotify:artist:0w8HhtFVgF0tqeiFGFRaiZ,0w8HhtFVgF0tqeiFGFRaiZ,40,3054
Hef,spotify:artist:7ge3QfYPMTjDbMoVLuuIuJ,7ge3QfYPMTjDbMoVLuuIuJ,54,10718
U-niq,spotify:artist:15cp217nCdrUbiZ2m7wyAb,15cp217nCdrUbiZ2m7wyAb,35,1602
RBDjan,spotify:artist:1W4O1UxWetSz00CiAu01zf,1W4O1UxWetSz00CiAu01zf,41,2201
Winne,spotify:artist:5cMMheSnLhCt0YdwFkp3R9,5cMMheSnLhCt0YdwFkp3R9,49,8855
Blaxtar,spotify:artist:74Muw2FSN8BK2mMbh2gfZM,74Muw2FSN8BK2mMbh2gfZM,35,157
Jiggy Dje,spotify:artist:2deAwJr19wfxpqJ5duZyk1,2deAwJr19wfxpqJ5duZyk1,44,3089
Fakkelbrigade,spotify:artist:3NGONi5kwXaIZBCfZOqS1r,3NGONi5kwXaIZBCfZOqS1r,35,1471
Zo Moeilijk,spotify:artist:1m5UwtiH31Zjg17jP6ps88,1m5UwtiH31Zjg17jP6ps88,28,746
Jawat,spotify:artist:72iS8ZcJzdBk2NKOZgeVPg,72iS8ZcJzdBk2NKOZgeVPg,34,716
DuvelDuvel,spotify:artist:4u6gMJfErd9CjF0IyNdhjF,4u6gMJfErd9CjF0IyNdhjF,33,703
Opgeduveld,spotify:artist:2itHVhH84RBGG9RsKyj5Yz,2itHVhH84RBGG9RsKyj5Yz,22,190
Raymzter,spotify:artist:5ZntjOpn1ADiQnLx3W9Eja,5ZntjOpn1ADiQnLx3W9Eja,18,64
Wudstik,spotify:artist:4673XVOYba8vZe6hHoMeW3,4673XVOYba8vZe6hHoMeW3,43,2484
Kraantje Pappie,spotify:artist:5yDkaiPTFbHGWCMXAEBt5Q,5yDkaiPTFbHGWCMXAEBt5Q,55,41198
Flinke Namen,spotify:artist:1pl6zHy7TssEvPr4d6hMgK,1pl6zHy7TssEvPr4d6hMgK,43,5425
Appa,spotify:artist:3E14vOxwqV6NWCeaLa9GtJ,3E14vOxwqV6NWCeaLa9GtJ,43,1985
Nico & Vinz,spotify:artist:0awl5piYwO0CDTHEkCjUhn,0awl5piYwO0CDTHEkCjUhn,80,136700
Guy Sebastian,spotify:artist:5PjekOABtfU2Kwo0AHVmci,5PjekOABtfU2Kwo0AHVmci,69,55661
Anders Nilsen,spotify:artist:4tIdn5S7BCgSdvnqR36W1N,4tIdn5S7BCgSdvnqR36W1N,63,7813
MKTO,spotify:artist:2l35CQqtYRh3d8ZIiBep4v,2l35CQqtYRh3d8ZIiBep4v,75,168306
Ylvis,spotify:artist:2lEOFtf3cCyzomQcMHJGfZ,2lEOFtf3cCyzomQcMHJGfZ,65,69514
Madcon,spotify:artist:6c4sUNBgdonFJz8Kx2VsGz,6c4sUNBgdonFJz8Kx2VsGz,69,133948
Aloe Blacc,spotify:artist:0id62QV2SZZfvBn9xpmuCl,0id62QV2SZZfvBn9xpmuCl,75,234688
Karpe Diem,spotify:artist:3X23gpg1vPacr0hBARyxtN,3X23gpg1vPacr0hBARyxtN,60,137448
Nick Jonas,spotify:artist:4Rxn7Im3LGfyRkY2FlHhWi,4Rxn7Im3LGfyRkY2FlHhWi,83,219379
Joe Jonas,spotify:artist:7gbmX8SsfjEjxDMzBi1ZOL,7gbmX8SsfjEjxDMzBi1ZOL,59,46680
Nick Jonas & The Administration,spotify:artist:6dse9FDodKw65ZQoLjE5F1,6dse9FDodKw65ZQoLjE5F1,46,13213
Mitchel Musso,spotify:artist:3IcF2f5vEkY6HPQfLlQDlw,3IcF2f5vEkY6HPQfLlQDlw,45,24168
Hannah Montana,spotify:artist:7nU4hB040gTmHm45YYMvqc,7nU4hB040gTmHm45YYMvqc,67,151884
Big Time Rush,spotify:artist:0GWCNkPi54upO9WLlwjAHd,0GWCNkPi54upO9WLlwjAHd,67,241525
Drake Bell,spotify:artist:03ilIKH0i08IxmjKcn63ne,03ilIKH0i08IxmjKcn63ne,52,37496
Vanessa Hudgens,spotify:artist:6G9bygHlCyPgNGxK2l3YdE,6G9bygHlCyPgNGxK2l3YdE,64,70389
Kevin Jonas,spotify:artist:11bdWrCwHE2gCdVARdASuu,11bdWrCwHE2gCdVARdASuu,37,986
Meaghan Martin,spotify:artist:4D4d4SGHSnXy5TxqhfDl3H,4D4d4SGHSnXy5TxqhfDl3H,48,3217
Fall Out Boy,spotify:artist:4UXqAaa6dQYAk18Lv7PEgX,4UXqAaa6dQYAk18Lv7PEgX,91,1116132
Panic! At The Disco,spotify:artist:20JZFwl6HVl6yg8a4H3ZqK,20JZFwl6HVl6yg8a4H3ZqK,81,651765
Paramore,spotify:artist:74XFHRwlV6OrjEM0A2NCMF,74XFHRwlV6OrjEM0A2NCMF,82,1003177
The Academy Is...,spotify:artist:3jwm6OBdUY5xzFiFIPhMHu,3jwm6OBdUY5xzFiFIPhMHu,56,29924
My Chemical Romance,spotify:artist:7FBcuc1gsnv6Y1nwFtNRCb,7FBcuc1gsnv6Y1nwFtNRCb,80,637022
The All-American Rejects,spotify:artist:3vAaWhdBR38Q02ohXqaNHT,3vAaWhdBR38Q02ohXqaNHT,73,264238
Patrick Stump,spotify:artist:0wsdUS0EJ7zHgti2nxTVWR,0wsdUS0EJ7zHgti2nxTVWR,53,29584
Cute Is What We Aim For,spotify:artist:7AsPubxWM5tfW4hTZEL3aP,7AsPubxWM5tfW4hTZEL3aP,57,46286
Yellowcard,spotify:artist:3zxKH0qp3nBCuPZCZT5Vaf,3zxKH0qp3nBCuPZCZT5Vaf,72,184685
Mayday Parade,spotify:artist:3WfJ1OtrWI7RViX9DMyEGy,3WfJ1OtrWI7RViX9DMyEGy,73,315148
All Time Low,spotify:artist:46gyXjRIvN1NL1eCB8GBxo,46gyXjRIvN1NL1eCB8GBxo,80,512436
Boys Like Girls,spotify:artist:0vWCyXMrrvMlCcepuOJaGI,0vWCyXMrrvMlCcepuOJaGI,66,136084
We The Kings,spotify:artist:3ao3jf5d70Tf4fPh2bnXVl,3ao3jf5d70Tf4fPh2bnXVl,68,153313
Taking Back Sunday,spotify:artist:24XtlMhEMNdi822vi0MhY1,24XtlMhEMNdi822vi0MhY1,71,167856
Good Charlotte,spotify:artist:5aYyPjAsLj7UzANzdupwnS,5aYyPjAsLj7UzANzdupwnS,71,204515
Motion City Soundtrack,spotify:artist:19zqV9DV3txjMUjHvltl2D,19zqV9DV3txjMUjHvltl2D,63,68474
Simple Plan,spotify:artist:2p4FqHnazRucYQHyDCdBrJ,2p4FqHnazRucYQHyDCdBrJ,73,581254
Jimmy Eat World,spotify:artist:3Ayl7mCk0nScecqOzvNp6s,3Ayl7mCk0nScecqOzvNp6s,71,196194
blink-182,spotify:artist:6FBDaR13swtiWwGhX1WQsP,6FBDaR13swtiWwGhX1WQsP,82,869544
The Audition,spotify:artist:7EE9Xq8yiJyO5FIVho6ibI,7EE9Xq8yiJyO5FIVho6ibI,48,13428
The Cab,spotify:artist:2C2sVVXanbOpymYBMpsi89,2C2sVVXanbOpymYBMpsi89,66,127594
One Direction,spotify:artist:4AK6F7OLvEQ5QYCBNiQWHq,4AK6F7OLvEQ5QYCBNiQWHq,92,3168058
The Wanted,spotify:artist:2NhdGz9EDv2FeUw6udu2g1,2NhdGz9EDv2FeUw6udu2g1,70,825202
Little Mix,spotify:artist:3e7awlrlDSwF3iM0WBjGMp,3e7awlrlDSwF3iM0WBjGMp,73,448125
JLS,spotify:artist:5xi3SZpllRPAkoPVbjB6nc,5xi3SZpllRPAkoPVbjB6nc,54,60137
Conor Maynard,spotify:artist:6mU8ucezzms5I2kNH6HNlu,6mU8ucezzms5I2kNH6HNlu,62,218497
Carly Rae Jepsen,spotify:artist:6sFIWsNpZYqfjUpaCgueju,6sFIWsNpZYqfjUpaCgueju,83,1561831
McFly,spotify:artist:47izDDvtOxxz3FzHYuUptd,47izDDvtOxxz3FzHYuUptd,64,122816
Jesse McCartney,spotify:artist:2Hjj68yyUPiC0HKEOigcEp,2Hjj68yyUPiC0HKEOigcEp,66,148841
Union J,spotify:artist:7DTZkttLXeUXamkocrRzeh,7DTZkttLXeUXamkocrRzeh,56,66610
OneRepublic,spotify:artist:5Pwc4xIPtQLFEnJriah9YJ,5Pwc4xIPtQLFEnJriah9YJ,86,1328315
Lifehouse,spotify:artist:5PokPZn11xzZXyXSfnvIM3,5PokPZn11xzZXyXSfnvIM3,72,221137
Coldplay,spotify:artist:4gzpq5DPGxSnKTe4SA8HAU,4gzpq5DPGxSnKTe4SA8HAU,91,3911680
Keane,spotify:artist:53A0W3U0s8diEn9RhXQhVz,53A0W3U0s8diEn9RhXQhVz,74,408214
Fun.,spotify:artist:5nCi3BB41mBaMH9gfr6Su0,5nCi3BB41mBaMH9gfr6Su0,77,2582463
The Last Goodnight,spotify:artist:4UrGiQXrpB2CmzVGVFtH5E,4UrGiQXrpB2CmzVGVFtH5E,49,7541
Blue October,spotify:artist:1TJbmc7jTpw78GKCiMpvDh,1TJbmc7jTpw78GKCiMpvDh,63,68693
Imagine Dragons,spotify:artist:53XhwfbYqKCa1cC15pYq2q,53XhwfbYqKCa1cC15pYq2q,92,2161684
Snow Patrol,spotify:artist:3rIZMv9rysU7JkLzEaC5Jp,3rIZMv9rysU7JkLzEaC5Jp,75,464362
Parachute,spotify:artist:2PCUhxD40qlMqsKHjTZD2e,2PCUhxD40qlMqsKHjTZD2e,67,148880
Vance Joy,spotify:artist:10exVja0key0uqUkk6LJRT,10exVja0key0uqUkk6LJRT,84,256678
Family of the Year,spotify:artist:7zsin6IgVsR1rqSRCNYDwq,7zsin6IgVsR1rqSRCNYDwq,73,51482
Tom Odell,spotify:artist:2txHhyCwHjUEpJjWrEyqyX,2txHhyCwHjUEpJjWrEyqyX,76,392643
The 1975,spotify:artist:3mIj9lX2MWuHmhNCA7LSCW,3mIj9lX2MWuHmhNCA7LSCW,81,616455
Of Monsters and Men,spotify:artist:4dwdTW1Lfiq0cM8nBAqIIz,4dwdTW1Lfiq0cM8nBAqIIz,80,1018456
X Ambassadors,spotify:artist:3NPpFNZtSTHheNBaWC82rB,3NPpFNZtSTHheNBaWC82rB,69,32733
The Neighbourhood,spotify:artist:77SW9BnxLY8rJ0RciFqkHh,77SW9BnxLY8rJ0RciFqkHh,78,421782
Ben Howard,spotify:artist:5schNIzWdI9gJ1QRK8SBnc,5schNIzWdI9gJ1QRK8SBnc,82,788319
Grizfolk,spotify:artist:6Xa4nbrSTfbioA4lLShbjh,6Xa4nbrSTfbioA4lLShbjh,56,9820
Passenger,spotify:artist:0gadJ2b9A4SKsB1RFkBb66,0gadJ2b9A4SKsB1RFkBb66,82,538756
Walk the Moon,spotify:artist:6DIS6PRrLS3wbnZsf7vYic,6DIS6PRrLS3wbnZsf7vYic,83,251112
KONGOS,spotify:artist:58R5LHkK3vkmEyGUPOR5kS,58R5LHkK3vkmEyGUPOR5kS,70,67977
Angus & Julia Stone,spotify:artist:4tvKz56Tr39bkhcQUTO0Xr,4tvKz56Tr39bkhcQUTO0Xr,77,287060
Echosmith,spotify:artist:1PbBg2aYjWLKRk84zJK15x,1PbBg2aYjWLKRk84zJK15x,83,212198
AJR,spotify:artist:6s22t5Y3prQHyaHWUN1R1C,6s22t5Y3prQHyaHWUN1R1C,63,42255
Melanie Martinez,spotify:artist:63yrD80RY3RNEM2YDpUpO8,63yrD80RY3RNEM2YDpUpO8,64,60522
Big Sean,spotify:artist:0c173mlxpT3dSFRgMO8XPh,0c173mlxpT3dSFRgMO8XPh,92,879385
J. Cole,spotify:artist:6l3HvQ5sa6mXTsMTB19rO5,6l3HvQ5sa6mXTsMTB19rO5,88,593251
Wiz Khalifa,spotify:artist:137W8MRPWKqSmrBGDBFSop,137W8MRPWKqSmrBGDBFSop,91,1977905
Kendrick Lamar,spotify:artist:2YZyLoL8N0Wb9xBt1NhZWg,2YZyLoL8N0Wb9xBt1NhZWg,95,1402775
Kanye West,spotify:artist:5K4W6rqBFWDnAN6FQUkS6x,5K4W6rqBFWDnAN6FQUkS6x,97,2540776
Wale,spotify:artist:67nwj3Y5sZQLl72VNUHEYE,67nwj3Y5sZQLl72VNUHEYE,82,390320
Schoolboy Q,spotify:artist:5IcR3N7QB1j6KBL8eImZ8m,5IcR3N7QB1j6KBL8eImZ8m,84,390318
Pusha T,spotify:artist:0ONHkAv9pCAFxb0zJwDNTy,0ONHkAv9pCAFxb0zJwDNTy,81,131529
Kid Cudi,spotify:artist:0fA0VVWsXO9YnASrzqfmYu,0fA0VVWsXO9YnASrzqfmYu,83,1063433
A$AP Rocky,spotify:artist:13ubrt8QOOCPljQ2FL1Kca,13ubrt8QOOCPljQ2FL1Kca,85,531556
Lupe Fiasco,spotify:artist:01QTIT5P1pFP3QnnFSdsJf,01QTIT5P1pFP3QnnFSdsJf,78,356123
Meek Mill,spotify:artist:20sxb77xiYeusSH8cVdatc,20sxb77xiYeusSH8cVdatc,80,292869
Childish Gambino,spotify:artist:73sIBHcqh3Z3NyqHKZ7FOL,73sIBHcqh3Z3NyqHKZ7FOL,85,692223
Enrique Iglesias,spotify:artist:7qG3b048QCHVRO5Pv1T5lw,7qG3b048QCHVRO5Pv1T5lw,88,1070159
Ricky Martin,spotify:artist:7slfeZO9LsJbWgpkIoXBUJ,7slfeZO9LsJbWgpkIoXBUJ,81,265404
Shakira,spotify:artist:0EmeFodog0BfCgMzAIvKQp,0EmeFodog0BfCgMzAIvKQp,84,1662286
Gloria Estefan,spotify:artist:5IFCkqu9J6xdWeYMk5I889,5IFCkqu9J6xdWeYMk5I889,65,71013
Paulina Rubio,spotify:artist:1d6dwipPrsFSJVmFTTdFSS,1d6dwipPrsFSJVmFTTdFSS,73,202456
Luis Fonsi,spotify:artist:4V8Sr092TqfHkfAA5fXXqG,4V8Sr092TqfHkfAA5fXXqG,73,158901
Chayanne,spotify:artist:1JbemQ1fPt2YmSLjAFhPBv,1JbemQ1fPt2YmSLjAFhPBv,74,179795
Marc Anthony,spotify:artist:4wLXwxDeWQ8mtUIRPxGiD6,4wLXwxDeWQ8mtUIRPxGiD6,80,421143
Thalia,spotify:artist:61ITlib6wNBWOiQxsk1l2J,61ITlib6wNBWOiQxsk1l2J,39,612
Belinda,spotify:artist:5LeiVcEnsZcwc133TUhJNW,5LeiVcEnsZcwc133TUhJNW,73,58069
Selena,spotify:artist:6IE6z7DcZIT4Ml3Fh5Ivch,6IE6z7DcZIT4Ml3Fh5Ivch,73,129848
Alejandro Sanz,spotify:artist:5sUrlPAHlS9NEirDB8SEbF,5sUrlPAHlS9NEirDB8SEbF,78,450634
David Bisbal,spotify:artist:5gOJTI4TusSENizxhcG7jB,5gOJTI4TusSENizxhcG7jB,74,241649
Juanes,spotify:artist:0UWZUmn7sybxMCqrw9tGa7,0UWZUmn7sybxMCqrw9tGa7,76,186347
Laura Pausini,spotify:artist:2e4nwiX8ZCU09LGLOpeqTH,2e4nwiX8ZCU09LGLOpeqTH,72,202687
Luis Miguel,spotify:artist:2nszmSgqreHSdJA3zWPyrW,2nszmSgqreHSdJA3zWPyrW,76,206877
Nelly Furtado,spotify:artist:2jw70GZXlAI8QzWeY2bgRc,2jw70GZXlAI8QzWeY2bgRc,75,250710
Sin Bandera,spotify:artist:7xeM7V59cA1X8GKyKKQV87,7xeM7V59cA1X8GKyKKQV87,72,161904
Pharrell Williams,spotify:artist:2RdwBSPQiwcmiDo9kixcl8,2RdwBSPQiwcmiDo9kixcl8,86,701569
N.E.R.D.,spotify:artist:5wPoxI5si3eJsYYwyXV4Wi,5wPoxI5si3eJsYYwyXV4Wi,66,107483
Robin Thicke,spotify:artist:0ZrpamOxcZybMHGg1AYtHP,0ZrpamOxcZybMHGg1AYtHP,76,466494
The Black Eyed Peas,spotify:artist:1yxSLGMDHlW21z4YXirZDS,1yxSLGMDHlW21z4YXirZDS,79,763431
Frank Ocean,spotify:artist:2h93pZq0e7k5yf4dywlkpM,2h93pZq0e7k5yf4dywlkpM,81,1028328
Pitbull,spotify:artist:0TnOYISbd1XYRBk9myaseg,0TnOYISbd1XYRBk9myaseg,93,2425632
LMFAO,spotify:artist:3sgFRtyBnxXD5ESfmbK4dl,3sgFRtyBnxXD5ESfmbK4dl,74,1659568
David Guetta,spotify:artist:1Cs0zKBU1kc0i8ypK3B9ai,1Cs0zKBU1kc0i8ypK3B9ai,92,6612970
Far East Movement,spotify:artist:698hF4vcwHwPy8ltmXermq,698hF4vcwHwPy8ltmXermq,72,541643
Nelly,spotify:artist:2gBjLmx6zQnFGQJCAQpRgw,2gBjLmx6zQnFGQJCAQpRgw,77,309127
DEV,spotify:artist:7Ip2u3e5Nv6fFb5xyIHxEE,7Ip2u3e5Nv6fFb5xyIHxEE,68,127771
Dj Laz,spotify:artist:5REF3rMSUd6bSRwgV09dzQ,5REF3rMSUd6bSRwgV09dzQ,46,6319
Sean Paul,spotify:artist:3Isy6kedDrgPYoTS1dazA9,3Isy6kedDrgPYoTS1dazA9,80,815710
Kevin Rudolf,spotify:artist:0Chxmm4XMM87mJOHvyiUzL,0Chxmm4XMM87mJOHvyiUzL,59,39753
Tim McGraw,spotify:artist:6roFdX1y5BYSbp60OTJWMd,6roFdX1y5BYSbp60OTJWMd,78,358152
Toby Keith,spotify:artist:2bA6fzP0lMAQ4kz6CF61w8,2bA6fzP0lMAQ4kz6CF61w8,74,297710
Keith Urban,spotify:artist:0u2FHSq3ln94y5Q57xazwf,0u2FHSq3ln94y5Q57xazwf,76,357665
Trace Adkins,spotify:artist:79FMDwzZQxHgSkIYBl3ODU,79FMDwzZQxHgSkIYBl3ODU,64,91063
Gary Allan,spotify:artist:37W8SKV5Vc8lcGtdyWCA5m,37W8SKV5Vc8lcGtdyWCA5m,66,70107
Brooks & Dunn,spotify:artist:0XKOBt59crntr7HQXXO8Yz,0XKOBt59crntr7HQXXO8Yz,67,94534
Lonestar,spotify:artist:3qbnxnvUqR14MJ9g8QwZJK,3qbnxnvUqR14MJ9g8QwZJK,61,42978
Kenny Chesney,spotify:artist:3grHWM9bx2E9vwJCdlRv9O,3grHWM9bx2E9vwJCdlRv9O,78,443494
Alan Jackson,spotify:artist:4mxWe1mtYIYfP040G38yvS,4mxWe1mtYIYfP040G38yvS,73,232572
Luke Bryan,spotify:artist:0BvkDsjIUla7X0k6CSWh1I,0BvkDsjIUla7X0k6CSWh1I,84,834877
Gloriana,spotify:artist:5RjqSn7vYk8Qb9GeLWRRhB,5RjqSn7vYk8Qb9GeLWRRhB,61,58610
I LOVE MAKONNEN,spotify:artist:3aGFCoR8xGN6DKwvdzeSja,3aGFCoR8xGN6DKwvdzeSja,75,40884
OB OBrien,spotify:artist:4thGcsymOK5oc43gJVtAqZ,4thGcsymOK5oc43gJVtAqZ,64,4613
PARTYNEXTDOOR,spotify:artist:2HPaUgqeutzr3jx5a9WyDV,2HPaUgqeutzr3jx5a9WyDV,81,125960
Milky Chance,spotify:artist:1hzfo8twXdOegF3xireCYs,1hzfo8twXdOegF3xireCYs,81,277655
Lilly Wood and The Prick,spotify:artist:50OApTJurDusIo9dGTqSU4,50OApTJurDusIo9dGTqSU4,82,93592
Marlon Roudette,spotify:artist:2R1QrQqWuw3IjoP5dXRFjt,2R1QrQqWuw3IjoP5dXRFjt,77,64966
London Grammar,spotify:artist:3Bd1cgCjtCI32PYvDC3ynO,3Bd1cgCjtCI32PYvDC3ynO,77,306271
Kyla La Grange,spotify:artist:6KcmUwBzfwLaYxdfIboqcp,6KcmUwBzfwLaYxdfIboqcp,72,18315
Robin Schulz,spotify:artist:3t5xRXzsuZmMDkQzgOX35S,3t5xRXzsuZmMDkQzgOX35S,85,132490
Cris Cab,spotify:artist:7vWBZm3sQ8yQvfV4nXxHXK,7vWBZm3sQ8yQvfV4nXxHXK,64,39782
Alle Farben,spotify:artist:61ipISvUVa5LkJlKZnm3Oo,61ipISvUVa5LkJlKZnm3Oo,66,32360
Gabriel Rios,spotify:artist:0pF1TxZmwCJ3gGpkBQwdtT,0pF1TxZmwCJ3gGpkBQwdtT,69,14297
Sam Hunt,spotify:artist:2kucQ9jQwuD8jWdtR9Ef38,2kucQ9jQwuD8jWdtR9Ef38,81,124953
Dan + Shay,spotify:artist:7z5WFjZAIYejWy0NI5lv4T,7z5WFjZAIYejWy0NI5lv4T,67,34078
Eric Paslay,spotify:artist:4TONBKcqVR1LmPdfJxvkMU,4TONBKcqVR1LmPdfJxvkMU,66,14933
Frankie Ballard,spotify:artist:0dvKgSdNB2U1gfp6ZcekYi,0dvKgSdNB2U1gfp6ZcekYi,66,14930
Cole Swindell,spotify:artist:1mfDfLsMxYcOOZkzBxvSVW,1mfDfLsMxYcOOZkzBxvSVW,71,28915
Canaan Smith,spotify:artist:0q2lY1ZzFckzciuoMtUvck,0q2lY1ZzFckzciuoMtUvck,63,5475
Maddie & Tae,spotify:artist:34bhyY8jfKez7uKakMfy4y,34bhyY8jfKez7uKakMfy4y,63,15061
Scotty McCreery,spotify:artist:6ZV6lGY0prbqpTD0Md8i29,6ZV6lGY0prbqpTD0Md8i29,66,105364
Kacey Musgraves,spotify:artist:70kkdajctXSbqSMJbQO424,70kkdajctXSbqSMJbQO424,69,78491
Jon Pardi,spotify:artist:4MoAOfV4ROWofLG3a3hhBN,4MoAOfV4ROWofLG3a3hhBN,63,16179
RaeLynn,spotify:artist:5dMnvpYEfXvSexjwnSRH5n,5dMnvpYEfXvSexjwnSRH5n,65,13431
The Swon Brothers,spotify:artist:1nf0nRF0W4ybnJdda00pKY,1nf0nRF0W4ybnJdda00pKY,60,8573
Selena Gomez,spotify:artist:0C8ZW7ezQVs4URX5aX7Kqx,0C8ZW7ezQVs4URX5aX7Kqx,86,954604
The Cheetah Girls,spotify:artist:4ntkql3f3ect7NDRUJ7aAY,4ntkql3f3ect7NDRUJ7aAY,55,35600
Jordan Pruitt,spotify:artist:1JfkqBTXs6VC3JZ7RJNu7h,1JfkqBTXs6VC3JZ7RJNu7h,44,7926
Disclosure,spotify:artist:6nS5roXSAGhTGr34W6n7Et,6nS5roXSAGhTGr34W6n7Et,81,557485
SBTRKT,spotify:artist:1O10apSOoAPjOu6UhUNmeI,1O10apSOoAPjOu6UhUNmeI,72,288527
AlunaGeorge,spotify:artist:2VAnyOxzJuSAj7XIuEOT38,2VAnyOxzJuSAj7XIuEOT38,77,86966
Julio Bashmore,spotify:artist:0WAZJYudbUpl0EOjvdrnRG,0WAZJYudbUpl0EOjvdrnRG,55,24923
Jamie xx,spotify:artist:7A0awCXkE1FtSU8B0qwOJQ,7A0awCXkE1FtSU8B0qwOJQ,69,83346
Bondax,spotify:artist:4qobOrZpdUri80gScwsHfs,4qobOrZpdUri80gScwsHfs,62,40712
James Blake,spotify:artist:53KwLdlmrlCelAZMaLVZqU,53KwLdlmrlCelAZMaLVZqU,73,322689
Joy Orbison,spotify:artist:0aIpJqqTLf683ojWREc5lg,0aIpJqqTLf683ojWREc5lg,44,8475
Burial,spotify:artist:0uCCBpmg6MrPb1KY2msceF,0uCCBpmg6MrPb1KY2msceF,59,70926
Jacques Greene,spotify:artist:0ygIgsjUzKivFgxgjQ9iV9,0ygIgsjUzKivFgxgjQ9iV9,52,17737
Sampha,spotify:artist:2WoVwexZuODvclzULjPQtm,2WoVwexZuODvclzULjPQtm,65,32419
Jack Dixon,spotify:artist:1cqhrS2tHbExtItWZjjYt8,1cqhrS2tHbExtItWZjjYt8,30,712
XXXY,spotify:artist:1m6ICN9lVefrT3WqyB4W1Y,1m6ICN9lVefrT3WqyB4W1Y,39,5780
FaltyDL,spotify:artist:1qykxtFM9KoTti5y3xV1uk,1qykxtFM9KoTti5y3xV1uk,44,6680
Dark Sky,spotify:artist:0v4wes9SAGLHTzBDcFen8n,0v4wes9SAGLHTzBDcFen8n,20,49
Koreless,spotify:artist:3TsEEdpuuCN1G0dPxV4uOA,3TsEEdpuuCN1G0dPxV4uOA,48,10578
Totally Enormous Extinct Dinosaurs,spotify:artist:0g3NiCRhEv7M4SEDMrpItN,0g3NiCRhEv7M4SEDMrpItN,61,85842
Carrie Underwood,spotify:artist:4xFUf1FHVy696Q1JQZMTRj,4xFUf1FHVy696Q1JQZMTRj,78,539178
Sara Evans,spotify:artist:7qvsLYsYP0MHD7jkdv6DAG,7qvsLYsYP0MHD7jkdv6DAG,62,76819
Sugarland,spotify:artist:0hYxQe3AK5jBPCr5MumLHD,0hYxQe3AK5jBPCr5MumLHD,63,124209
Martina McBride,spotify:artist:3P33qFNGBVXl86yQYWspFj,3P33qFNGBVXl86yQYWspFj,61,69092
The Band Perry,spotify:artist:75FnCoo4FBxH5K1Rrx0k5A,75FnCoo4FBxH5K1Rrx0k5A,68,238492
Jessica Andrews,spotify:artist:5rNhVm2CnqiO5Lv4Dt2lck,5rNhVm2CnqiO5Lv4Dt2lck,42,4479
Gretchen Wilson,spotify:artist:0IdYRFTswLdsGwSnzOaGNF,0IdYRFTswLdsGwSnzOaGNF,56,27410
5 Seconds Of Summer,spotify:artist:5Rl15oVamLq7FbSb0NNBNy,5Rl15oVamLq7FbSb0NNBNy,84,1067762
At Sunset,spotify:artist:1P9xt37dhdkLJ9wKGhmCHI,1P9xt37dhdkLJ9wKGhmCHI,24,2282
Before You Exit,spotify:artist:64NYWpxh4HgzMb1SwCCjMw,64NYWpxh4HgzMb1SwCCjMw,49,28547
R5,spotify:artist:5aptPwTkTKmlPx6csmNJLA,5aptPwTkTKmlPx6csmNJLA,67,168206
Austin Mahone,spotify:artist:04abdnqPQe2N4fjztDea6z,04abdnqPQe2N4fjztDea6z,69,349636
IM5,spotify:artist:4TEgsvmXwYmqRAoxyo4Wb9,4TEgsvmXwYmqRAoxyo4Wb9,44,9334
Jacob Whitesides,spotify:artist:05tyvnDgYMhgagYbUx9td4,05tyvnDgYMhgagYbUx9td4,60,48081
Abigail Breslin,spotify:artist:2hN9nVVL9iuORfpeyqcurn,2hN9nVVL9iuORfpeyqcurn,38,1301
After Romeo,spotify:artist:6RiOwCxwZk8dVKKNTOfTcV,6RiOwCxwZk8dVKKNTOfTcV,28,3155
Masketta Fall,spotify:artist:11chmyejrrXloeSBF6ZjWt,11chmyejrrXloeSBF6ZjWt,38,1566
Heffron Drive,spotify:artist:5xQdu6vJP6leBN2eZTxIci,5xQdu6vJP6leBN2eZTxIci,43,8146
Midnight Red,spotify:artist:4zkg0pRNAYeYLFEVcVrvA5,4zkg0pRNAYeYLFEVcVrvA5,49,13105
Drake,spotify:artist:3TVXtAsR1Inumwj472S9r4,3TVXtAsR1Inumwj472S9r4,100,3211266
G-Eazy,spotify:artist:02kJSzxNuaWGqwubyUba0Z,02kJSzxNuaWGqwubyUba0Z,82,312458
Jhene Aiko,spotify:artist:5ZS223C6JyBfXasXxrRqOk,5ZS223C6JyBfXasXxrRqOk,82,277862
Mark Ronson,spotify:artist:3hv9jJF3adDNsBSIQDqcjp,3hv9jJF3adDNsBSIQDqcjp,90,168382
Markov Defect,spotify:artist:0wtAtz988alqiYMWyFMWWt,0wtAtz988alqiYMWyFMWWt,34,116
Beissoul,spotify:artist:4sLcz65TUO1UtOg0i96Kqo,4sLcz65TUO1UtOg0i96Kqo,12,12
Florida Jesse,spotify:artist:0dMgK7ZOM06DEGtNvRhOsV,0dMgK7ZOM06DEGtNvRhOsV,11,6
Blake Shelton,spotify:artist:1UTPBmNbXNTittyMJrNkvw,1UTPBmNbXNTittyMJrNkvw,79,857635
Trey Songz,spotify:artist:2iojnBLj0qIMiKPvVhLnsH,2iojnBLj0qIMiKPvVhLnsH,85,868277
Marques Houston,spotify:artist:1goOx6gnQdUllLfSMsL4Rt,1goOx6gnQdUllLfSMsL4Rt,53,31520
Keyshia Cole,spotify:artist:1vfezMIyCr4XUdYRaKIKi3,1vfezMIyCr4XUdYRaKIKi3,69,133043
R. Kelly,spotify:artist:2mxe0TnaNL039ysAj51xPQ,2mxe0TnaNL039ysAj51xPQ,81,393265
Avant,spotify:artist:0AunegKKH2ys98aLxq8G1A,0AunegKKH2ys98aLxq8G1A,63,64059
Ginuwine,spotify:artist:7r8RF1tN2A4CiGEplkp1oP,7r8RF1tN2A4CiGEplkp1oP,69,100970
Tinashe,spotify:artist:0NIIxcxNHmOoyBx03SfTCD,0NIIxcxNHmOoyBx03SfTCD,80,102833
August Alsina,spotify:artist:19Fi1Rj7kk8kyiwxpXy3yM,19Fi1Rj7kk8kyiwxpXy3yM,77,218617
Adrian Marcel,spotify:artist:0tqGegfp4LA38TZ807OdzM,0tqGegfp4LA38TZ807OdzM,62,24270
Jasmine V,spotify:artist:3vskr7Z0TqgoYUi1iLnhy8,3vskr7Z0TqgoYUi1iLnhy8,56,17389
Teyana Taylor,spotify:artist:4ULO7IGI3M2bo0Ap7B9h8a,4ULO7IGI3M2bo0Ap7B9h8a,65,40096
SoMo,spotify:artist:5AtWO8IEnjhRLzaVVQxFUs,5AtWO8IEnjhRLzaVVQxFUs,71,128878
Kehlani,spotify:artist:0cGUm45nv7Z6M6qdXYQGTX,0cGUm45nv7Z6M6qdXYQGTX,53,5746
Sonyae Elise,spotify:artist:57SI9O6izEzHGTpvJ6auv8,57SI9O6izEzHGTpvJ6auv8,29,519
Devyn Rose,spotify:artist:2RIS2A8CoXFB2BcCBTwYq0,2RIS2A8CoXFB2BcCBTwYq0,28,240
Chris Lawrence,spotify:artist:5JHp0iTt1djzZRCxWVnTl1,5JHp0iTt1djzZRCxWVnTl1,18,83
Sharaya J,spotify:artist:6Z4puj0KYgtcxJrVXKmvBX,6Z4puj0KYgtcxJrVXKmvBX,41,1248
Propane Da Ghost,spotify:artist:3ajUgKOvtE7rcKXlgIzoSh,3ajUgKOvtE7rcKXlgIzoSh,12,13
History In The Making,spotify:artist:4m2NSZVKQZzRfyU9dIykKl,4m2NSZVKQZzRfyU9dIykKl,11,46
Maejor,spotify:artist:3XcCT5MPlQPWFTJyzXbfuX,3XcCT5MPlQPWFTJyzXbfuX,59,1170
Luke Christopher,spotify:artist:787bCXOIvGeBw0Bc4kEjhD,787bCXOIvGeBw0Bc4kEjhD,40,2477
Sevyn Streeter,spotify:artist:6If57j6e3TXXk0HiLcIZca,6If57j6e3TXXk0HiLcIZca,67,53248
DJ Khaled,spotify:artist:0QHgL1lAIqAw0HtD7YldmP,0QHgL1lAIqAw0HtD7YldmP,76,328768
DJ Drama,spotify:artist:5oNgAs7j5XcBMzWv3HAnHG,5oNgAs7j5XcBMzWv3HAnHG,63,96210
Plies,spotify:artist:3jksrX4oBklxR78ft8gv3j,3jksrX4oBklxR78ft8gv3j,64,58431
Young Dro,spotify:artist:3ZooCJzNMTLpmJaIRUEorI,3ZooCJzNMTLpmJaIRUEorI,61,25920
2 Chainz,spotify:artist:17lzZA2AlOHwCwFALHttmp,17lzZA2AlOHwCwFALHttmp,87,547895
Swizz Beatz,spotify:artist:2cADQgiLMjNhbsfeN52Bf3,2cADQgiLMjNhbsfeN52Bf3,68,15013
Rocko,spotify:artist:0T5OJgMVjKIX3b3W3ekqOl,0T5OJgMVjKIX3b3W3ekqOl,60,30963
Waka Flocka Flame,spotify:artist:6f4XkbvYlXMH0QgVRzW0sM,6f4XkbvYlXMH0QgVRzW0sM,75,234012
Coldplay,spotify:artist:4gzpq5DPGxSnKTe4SA8HAU,4gzpq5DPGxSnKTe4SA8HAU,91,3911680
Travis,spotify:artist:3bUwxJgNakzYKkqAVgZLlh,3bUwxJgNakzYKkqAVgZLlh,65,106238
Thirteen Senses,spotify:artist:766wIvoqqGrjRDnExOjJls,766wIvoqqGrjRDnExOjJls,51,13641
Starsailor,spotify:artist:0G8zjE6SsFTlbglCkU8pm3,0G8zjE6SsFTlbglCkU8pm3,53,27239
Athlete,spotify:artist:6C0JkmxU2cgkVzotHJgfW7,6C0JkmxU2cgkVzotHJgfW7,53,22612
Muse,spotify:artist:12Chz98pHFMPJEknJQMWvI,12Chz98pHFMPJEknJQMWvI,84,1481330
Doves,spotify:artist:0LVrQUinPUBFvVD5pLqmWY,0LVrQUinPUBFvVD5pLqmWY,58,41911
Elbow,spotify:artist:0TJB3EE2efClsYIDQ8V2Jk,0TJB3EE2efClsYIDQ8V2Jk,64,133897
The Killers,spotify:artist:0C0XlULifJtAgn6ZNCW2eu,0C0XlULifJtAgn6ZNCW2eu,82,1125650
Radiohead,spotify:artist:4Z8W4fKeB5YxbusRsdQVPb,4Z8W4fKeB5YxbusRsdQVPb,81,1038072
Stereophonics,spotify:artist:21UJ7PRWb3Etgsu99f8yo8,21UJ7PRWb3Etgsu99f8yo8,67,153044
Oasis,spotify:artist:2DaxqgrOhkeH0fpeiQq2f4,2DaxqgrOhkeH0fpeiQq2f4,80,534872
Richard Ashcroft,spotify:artist:1HGTHrRQkw0BtevSo1jucU,1HGTHrRQkw0BtevSo1jucU,55,24807
Feeder,spotify:artist:0ZZr6Y49NZWRJc0uCwqpMR,0ZZr6Y49NZWRJc0uCwqpMR,56,22198
Editors,spotify:artist:6e9wIFWhBPHLE9bXK8gtBI,6e9wIFWhBPHLE9bXK8gtBI,64,131474
The Verve,spotify:artist:2cGwlqi3k18jFpUyTrsR84,2cGwlqi3k18jFpUyTrsR84,71,170803
Alesso,spotify:artist:4AVFqumd2ogHFlRbKIjp1t,4AVFqumd2ogHFlRbKIjp1t,86,330034
Avicii,spotify:artist:1vCWHaC5f2uS3yhpwWbIA6,1vCWHaC5f2uS3yhpwWbIA6,91,3779094
Hardwell,spotify:artist:6BrvowZBreEkXzJQMpL174,6BrvowZBreEkXzJQMpL174,81,708521
Sebastian Ingrosso,spotify:artist:6hyMWrxGBsOx6sWcVj1DqP,6hyMWrxGBsOx6sWcVj1DqP,71,174999
Otto Knows,spotify:artist:5fahUm8t5c0GIdeTq0ZaG8,5fahUm8t5c0GIdeTq0ZaG8,67,106060
Afrojack,spotify:artist:4D75GcNG95ebPtNvoNVXhz,4D75GcNG95ebPtNvoNVXhz,80,433886
Zedd,spotify:artist:2qxJFvFYMEDqd7ui6kSAcq,2qxJFvFYMEDqd7ui6kSAcq,88,532975
Swedish House Mafia,spotify:artist:1h6Cn3P4NGzXbaXidqURXs,1h6Cn3P4NGzXbaXidqURXs,77,1494370
Steve Angello,spotify:artist:4FqPRilb0Ja0TKG3RS3y4s,4FqPRilb0Ja0TKG3RS3y4s,66,91349
Nicky Romero,spotify:artist:5ChF3i92IPZHduM7jN3dpg,5ChF3i92IPZHduM7jN3dpg,75,271826
CAZZETTE,spotify:artist:1IELhvOMg5VQlU7syRm6CS,1IELhvOMg5VQlU7syRm6CS,74,149573
Becky G,spotify:artist:4obzFoKoKRHIphyHzJ35G3,4obzFoKoKRHIphyHzJ35G3,78,316998
Jake Miller,spotify:artist:3gggmBN0erstm3YJvEGe3t,3gggmBN0erstm3YJvEGe3t,63,80121
Jack & Jack,spotify:artist:1INuLZXjjVbcJRyWvD1iSq,1INuLZXjjVbcJRyWvD1iSq,73,148896
The Janoskians,spotify:artist:5PP8syQrThERevdtvBZX60,5PP8syQrThERevdtvBZX60,60,77860
Bonnie McKee,spotify:artist:7dtJROxWQe3fxxF5t7o67N,7dtJROxWQe3fxxF5t7o67N,54,19092
James Newton Howard,spotify:artist:2M4eNCvV3CJUswavkhAQg2,2M4eNCvV3CJUswavkhAQg2,77,85404
Alan Silvestri,spotify:artist:0Xk15jHKly4c3AhPr5vjoA,0Xk15jHKly4c3AhPr5vjoA,66,41167
James Horner,spotify:artist:3PhL2Vdao2v8SS8AptuhAr,3PhL2Vdao2v8SS8AptuhAr,72,84532
Alexandre Desplat,spotify:artist:71jzN72g8qWMCMkWC5p1Z0,71jzN72g8qWMCMkWC5p1Z0,76,72373
Thomas Newman,spotify:artist:1csBgT42N4pPPs1HJhxXIK,1csBgT42N4pPPs1HJhxXIK,69,64098
Hans Zimmer,spotify:artist:0YC192cP3KPCRWx8zr8MfZ,0YC192cP3KPCRWx8zr8MfZ,81,467552
Brian Tyler,spotify:artist:109FvbnDVNag1UcJDVpFlr,109FvbnDVNag1UcJDVpFlr,62,24527
Danny Elfman,spotify:artist:5qBZETtyzfYnXOobDXbmcD,5qBZETtyzfYnXOobDXbmcD,71,72200
John Debney,spotify:artist:7mCsyzq823cXJ5puxUN3aJ,7mCsyzq823cXJ5puxUN3aJ,53,5842
Klaus Badelt,spotify:artist:03GruNQP8X25PCoWzdvIGZ,03GruNQP8X25PCoWzdvIGZ,65,42244
Michael Giacchino,spotify:artist:4kLvhMAuCloLxoP1aVM7Lr,4kLvhMAuCloLxoP1aVM7Lr,64,42645
Howard Shore,spotify:artist:0OcclcP5o8VKH2TRqSY2A7,0OcclcP5o8VKH2TRqSY2A7,71,80166
John Williams,spotify:artist:3dRfiJ2650SZu6GbydcHNb,3dRfiJ2650SZu6GbydcHNb,76,151657
Jerry Goldsmith,spotify:artist:7t8q7ikEtcPNtoaKAm9Vu6,7t8q7ikEtcPNtoaKAm9Vu6,59,14853
Harry Gregson-Williams,spotify:artist:1BxqJ6pOCi8mkSjCbFYjpW,1BxqJ6pOCi8mkSjCbFYjpW,63,31104
John Ottman,spotify:artist:6uhyakkTnWoxbEKn9pIc6V,6uhyakkTnWoxbEKn9pIc6V,48,3301
Dario Marianelli,spotify:artist:0s1ec6aPpRZ4DCj15w1EFg,0s1ec6aPpRZ4DCj15w1EFg,63,16176
Mark Isham,spotify:artist:5qlzaXu4riV8YLrL97cwyI,5qlzaXu4riV8YLrL97cwyI,56,5674
Marco Beltrami,spotify:artist:7yAPsqNhqqsTGsuOSZJg0i,7yAPsqNhqqsTGsuOSZJg0i,51,3610
Randy Edelman,spotify:artist:3shMd6Vll0mOcviQ3hrk8m,3shMd6Vll0mOcviQ3hrk8m,47,8014
Nicholas Hooper,spotify:artist:6S9bLkEZSVIcY18RNcNG50,6S9bLkEZSVIcY18RNcNG50,56,14391
Brad Paisley,spotify:artist:13YmWQJFwgZrd4bf5IjMY4,13YmWQJFwgZrd4bf5IjMY4,76,409816
Maddie & Tae,spotify:artist:34bhyY8jfKez7uKakMfy4y,34bhyY8jfKez7uKakMfy4y,63,15061
Danielle Bradbery,spotify:artist:5iqStkZi6QmG8sgQZQrfGN,5iqStkZi6QmG8sgQZQrfGN,54,16792
Chase Bryant,spotify:artist:7io3MyhMxDZoBYXp4rlRFA,7io3MyhMxDZoBYXp4rlRFA,61,2391
Brothers Osborne,spotify:artist:39NR3AUhpbbqKM33vWn2fp,39NR3AUhpbbqKM33vWn2fp,56,3067
Usher,spotify:artist:23zg3TcAtWQy7J6upgbUnj,23zg3TcAtWQy7J6upgbUnj,89,2282900
Ashanti,spotify:artist:5rkVyNGXEgeUqKkB5ccK83,5rkVyNGXEgeUqKkB5ccK83,72,97905
Craig David,spotify:artist:2JyWXPbkqI5ZJa3gwqVa0c,2JyWXPbkqI5ZJa3gwqVa0c,67,113059
Eamon,spotify:artist:1y20PpXw0yeuJ1avCD0Ob9,1y20PpXw0yeuJ1avCD0Ob9,57,19053
Brandy,spotify:artist:05oH07COxkXKIMt6mIPRee,05oH07COxkXKIMt6mIPRee,68,125791
O.T. Genasis,spotify:artist:1Zatb2YN4erBOoSivOXc0o,1Zatb2YN4erBOoSivOXc0o,72,27780
Mally Mall,spotify:artist:2F4vlQrJakgfJhEW93DFcZ,2F4vlQrJakgfJhEW93DFcZ,62,3548
Boosie Badazz,spotify:artist:6z7xFFHxYkE9t8bwIF0Bvg,6z7xFFHxYkE9t8bwIF0Bvg,71,11812
Keith Urban,spotify:artist:0u2FHSq3ln94y5Q57xazwf,0u2FHSq3ln94y5Q57xazwf,76,357665
Schoolboy Q,spotify:artist:5IcR3N7QB1j6KBL8eImZ8m,5IcR3N7QB1j6KBL8eImZ8m,84,390318
Ab-Soul,spotify:artist:0g9vAlRPK9Gt3FKCekk4TW,0g9vAlRPK9Gt3FKCekk4TW,69,79215
Dom Kennedy,spotify:artist:3s8alQfNnY0roAHaJh7Xxt,3s8alQfNnY0roAHaJh7Xxt,64,31594
Jay Rock,spotify:artist:28ExwzUQsvgJooOI0X1mr3,28ExwzUQsvgJooOI0X1mr3,71,32357
Freddie Gibbs,spotify:artist:0Y4inQK6OespitzD6ijMwb,0Y4inQK6OespitzD6ijMwb,68,33033
Black Hippy,spotify:artist:7a9KRWdaSZktpGGnWndzbC,7a9KRWdaSZktpGGnWndzbC,52,23009
Pac Div,spotify:artist:5504Qqp7s40bqBqzWMEByl,5504Qqp7s40bqBqzWMEByl,50,12504
Smoke Dza,spotify:artist:3kf0gOpxWtkyeMNJVDQPtd,3kf0gOpxWtkyeMNJVDQPtd,56,23829
Casey Veggies,spotify:artist:0uFc6StTmJBvdHPZFDkdJy,0uFc6StTmJBvdHPZFDkdJy,61,25602
MellowHype,spotify:artist:5CCrgHVEWtg8YTEn1UaYug,5CCrgHVEWtg8YTEn1UaYug,55,50512
Tyler, The Creator,spotify:artist:4V8LLVI7PbaPR0K2TGSxFF,4V8LLVI7PbaPR0K2TGSxFF,76,388081
Danny Brown,spotify:artist:7aA592KWirLsnfb5ulGWvU,7aA592KWirLsnfb5ulGWvU,70,97237
Nipsey Hussle,spotify:artist:0EeQBlQJFiAfJeVN2vT9s0,0EeQBlQJFiAfJeVN2vT9s0,67,36637
Earl Sweatshirt,spotify:artist:3A5tHz1SfngyOZM2gItYKu,3A5tHz1SfngyOZM2gItYKu,77,128457
Big K.R.I.T.,spotify:artist:0CKa42Jqrc9fSFbDjePaXP,0CKa42Jqrc9fSFbDjePaXP,71,77052
Odd Future,spotify:artist:5xpkLC1MxiPRiIJUDEzuVm,5xpkLC1MxiPRiIJUDEzuVm,60,151849
Curren$y,spotify:artist:6X8WdFjrNhXATMDSs26aCc,6X8WdFjrNhXATMDSs26aCc,67,77725
Fergie,spotify:artist:3r17AfJCCUqC9Lf0OAc73G,3r17AfJCCUqC9Lf0OAc73G,79,206129
The Pussycat Dolls,spotify:artist:6wPhSqRtPu1UhRCDX5yaDJ,6wPhSqRtPu1UhRCDX5yaDJ,72,186695
Christina Milian,spotify:artist:4eAOcbAXIF4BmbN6E1QIlw,4eAOcbAXIF4BmbN6E1QIlw,63,29329
Alicia Keys,spotify:artist:3DiDSECUqqY1AuBP8qtaIa,3DiDSECUqqY1AuBP8qtaIa,82,725224
Destiny's Child,spotify:artist:1Y8cdNmUJH7yBTd9yOvr5i,1Y8cdNmUJH7yBTd9yOvr5i,76,291996
Lee Brice,spotify:artist:5Zq7R5qmi58ByYyBQTlNuk,5Zq7R5qmi58ByYyBQTlNuk,75,182127
Josh Thompson,spotify:artist:4BuyNtIXCdb4fHesOdR3io,4BuyNtIXCdb4fHesOdR3io,55,13057
Lady Antebellum,spotify:artist:32WkQRZEVKSzVAAYqukAEA,32WkQRZEVKSzVAAYqukAEA,76,693961
Dej Loaf,spotify:artist:7kFfY4UjNdNyaeUgLIEbIF,7kFfY4UjNdNyaeUgLIEbIF,74,35258
Tee Flii,spotify:artist:1pCVxwkdixCeBPTboRZIi2,1pCVxwkdixCeBPTboRZIi2,64,11760
Tre Mackin,spotify:artist:2nG5MgpKdFwKjizUwtcXbQ,2nG5MgpKdFwKjizUwtcXbQ,19,26
Trev Rich,spotify:artist:3OeXcyUgJ6YidLEOTqwfFo,3OeXcyUgJ6YidLEOTqwfFo,20,109
Soulja King,spotify:artist:58DcZrVmkt3ZXTbeKJoEEQ,58DcZrVmkt3ZXTbeKJoEEQ,54,906
Lil Soulja,spotify:artist:0l7v3E8YARIiMNL9KQeDkh,0l7v3E8YARIiMNL9KQeDkh,14,25
L-T Terror,spotify:artist:4vLQPYlDHhPcfq2xeStESP,4vLQPYlDHhPcfq2xeStESP,18,139
Ella Henderson,spotify:artist:7nDsS0l5ZAzMedVRKPP8F1,7nDsS0l5ZAzMedVRKPP8F1,80,121034
Leah McFall,spotify:artist:0TPCAiL47d77TFdFLqsjCw,0TPCAiL47d77TFdFLqsjCw,38,2248
Sam Bailey,spotify:artist:5o61gIxxfbohs0sm3B88d6,5o61gIxxfbohs0sm3B88d6,47,9015
James Arthur,spotify:artist:4IWBUUAFIplrNtaOHcJPRM,4IWBUUAFIplrNtaOHcJPRM,69,144576
Kitty Brucknell,spotify:artist:1tjeucIlDKWPOp9VkzEAqA,1tjeucIlDKWPOp9VkzEAqA,17,125
The James Arthur Band,spotify:artist:5atItJPd0PaBNUZ1SPL2Cj,5atItJPd0PaBNUZ1SPL2Cj,31,419
Lucy Spraggan,spotify:artist:3QLPy7F0m9XgChp2Lk9B3N,3QLPy7F0m9XgChp2Lk9B3N,57,25452
Janet Devlin,spotify:artist:2GDNbg4B7fHn1PqHlEdtd1,2GDNbg4B7fHn1PqHlEdtd1,51,8327
Eric Church,spotify:artist:2IvkS5MXK0vPGnwyJsrEyV,2IvkS5MXK0vPGnwyJsrEyV,79,436605
Fifth Harmony,spotify:artist:1l8Fu6IkuTP0U5QetQJ5Xt,1l8Fu6IkuTP0U5QetQJ5Xt,86,396935
Emblem3,spotify:artist:1md9aYaJ6Qt1FHypXICB5V,1md9aYaJ6Qt1FHypXICB5V,59,107961
Jennel Garcia,spotify:artist:1Ff1cuzx8IrADaKnclXscN,1Ff1cuzx8IrADaKnclXscN,57,865
Trevor Moran,spotify:artist:2mMuXvJVBA9Ft34x9WYpP2,2mMuXvJVBA9Ft34x9WYpP2,56,51644
Dierks Bentley,spotify:artist:7x8nK0m0cP2ksQf0mjWdPS,7x8nK0m0cP2ksQf0mjWdPS,75,235898
Little Big Town,spotify:artist:3CygdxquGHurS7f9LjNLkv,3CygdxquGHurS7f9LjNLkv,72,115988
Frankie Ballard,spotify:artist:0dvKgSdNB2U1gfp6ZcekYi,0dvKgSdNB2U1gfp6ZcekYi,66,14930
Thompson Square,spotify:artist:0Bvs8yPjrQSbmVIRqSg1Sp,0Bvs8yPjrQSbmVIRqSg1Sp,58,57403
Glen Templeton,spotify:artist:58PGErqpV9jX7sXz5wmV6o,58PGErqpV9jX7sXz5wmV6o,47,2227
Cole Swindell,spotify:artist:1mfDfLsMxYcOOZkzBxvSVW,1mfDfLsMxYcOOZkzBxvSVW,71,28915
Parmalee,spotify:artist:4TshyQDihSYXSWqvclXl3I,4TshyQDihSYXSWqvclXl3I,63,17033
Demi Lovato,spotify:artist:6S2OmqARrzebs0tKUEyXyp,6S2OmqARrzebs0tKUEyXyp,84,1292446
The Weeknd,spotify:artist:1Xyo4u8uXC1ZmMpatF05PJ,1Xyo4u8uXC1ZmMpatF05PJ,94,752552
Theophilus London,spotify:artist:4EMtGVFvfCSrEmWaGV0roE,4EMtGVFvfCSrEmWaGV0roE,77,51477
Kendrick Lamar,spotify:artist:2YZyLoL8N0Wb9xBt1NhZWg,2YZyLoL8N0Wb9xBt1NhZWg,95,1402775
Trippy,spotify:artist:3USDtKWXYH4qfpydzl6hTu,3USDtKWXYH4qfpydzl6hTu,11,49
Yeezy,spotify:artist:533XCY4QOKbvc7uOmsgu8Y,533XCY4QOKbvc7uOmsgu8Y,35,711
Hefna Gwap,spotify:artist:2y8nZn3PrUoEqZcuu041Zt,2y8nZn3PrUoEqZcuu041Zt,15,44
WZRD,spotify:artist:415rtLOb1FDKZAxo1IJ1hW,415rtLOb1FDKZAxo1IJ1hW,56,31910
Marion Band$,spotify:artist:7oCbBiAkDv2eMDU5LGB9NL,7oCbBiAkDv2eMDU5LGB9NL,46,907
D.Glover,spotify:artist:07pdY10siMABvVmY3OT68W,07pdY10siMABvVmY3OT68W,49,2370
Stevie Crooks,spotify:artist:5v8sXzhGsCQ4RepDGK1K6q,5v8sXzhGsCQ4RepDGK1K6q,16,74
Larry Lovestein & The Velvet Revival,spotify:artist:3LTYeDqM0ojTaTpsi63puM,3LTYeDqM0ojTaTpsi63puM,25,705
Re-United,spotify:artist:21N78G28XFJBCjym7jCdWC,21N78G28XFJBCjym7jCdWC,6,16
Denzil Porter,spotify:artist:4KE71mrTbUV1Hjyb2yJoHg,4KE71mrTbUV1Hjyb2yJoHg,21,117
Zinmusic,spotify:artist:28GP3gPFSnnbd19RPdtken,28GP3gPFSnnbd19RPdtken,0,21
SonReal & Rich Kidd,spotify:artist:4jy7L6aByUIIvuKBK5tQMJ,4jy7L6aByUIIvuKBK5tQMJ,23,52
Chase Rice,spotify:artist:6pBNfggcZZDCmb0p92OnGn,6pBNfggcZZDCmb0p92OnGn,70,45950
Logan Mize,spotify:artist:7tje8UB3cuR1ZfeJx2U38T,7tje8UB3cuR1ZfeJx2U38T,59,4878
Outshyne,spotify:artist:1ZniFKNln8GCfMNqX5B6n0,1ZniFKNln8GCfMNqX5B6n0,45,2585
Lil Wayne,spotify:artist:55Aa2cqylxrFIXC767Z865,55Aa2cqylxrFIXC767Z865,93,2048822
Gucci Mane,spotify:artist:13y7CgLHjMVRMDqxdx0Xdo,13y7CgLHjMVRMDqxdx0Xdo,73,161771
Gorilla Zoe,spotify:artist:3Y365ZqTf6fJ4ZcRnLKPGt,3Y365ZqTf6fJ4ZcRnLKPGt,58,33213
Roscoe Dash,spotify:artist:0bfX8pF8kuHNCs57Ms4jZb,0bfX8pF8kuHNCs57Ms4jZb,61,33597
Miranda Lambert,spotify:artist:66lH4jAE7pqPlOlzUKbwA0,66lH4jAE7pqPlOlzUKbwA0,76,384841
Pistol Annies,spotify:artist:2wSgVsgLUZeDJwoLcPO7ny,2wSgVsgLUZeDJwoLcPO7ny,58,93515
Imagine Dragons,spotify:artist:53XhwfbYqKCa1cC15pYq2q,53XhwfbYqKCa1cC15pYq2q,92,2161686
Neon Trees,spotify:artist:0RpddSzUHfncUWNJXKOsjy,0RpddSzUHfncUWNJXKOsjy,72,364868
Young the Giant,spotify:artist:4j56EQDQu5XnL7R3E9iFJT,4j56EQDQu5XnL7R3E9iFJT,73,426774
AWOLNATION,spotify:artist:4njdEjTnLfcGImKZu1iSrz,4njdEjTnLfcGImKZu1iSrz,80,567847
Atlas Genius,spotify:artist:42vg2T0Xg9yPaAgogJzoQH,42vg2T0Xg9yPaAgogJzoQH,65,88105
Capital Cities,spotify:artist:4gwpcMTbLWtBUlOijbVpuu,4gwpcMTbLWtBUlOijbVpuu,76,287558
Foster The People,spotify:artist:7gP3bB2nilZXLfPHJhMdvc,7gP3bB2nilZXLfPHJhMdvc,80,1230512
Grouplove,spotify:artist:3kVUvbeRdcrqQ3oHk5hPdx,3kVUvbeRdcrqQ3oHk5hPdx,74,297824
Bronze Radio Return,spotify:artist:2ic4xySjQ39N7DJ0HZemeG,2ic4xySjQ39N7DJ0HZemeG,61,23859
Youngblood Hawke,spotify:artist:6VXZCpbkwm0W0aPjQR1t4K,6VXZCpbkwm0W0aPjQR1t4K,63,65789
Twenty One Pilots,spotify:artist:3YQKmKGau1PzlVlkL1iodx,3YQKmKGau1PzlVlkL1iodx,77,239532
Two Door Cinema Club,spotify:artist:536BYVgOnRky0xjsPT96zl,536BYVgOnRky0xjsPT96zl,77,757175
Kiesza,spotify:artist:4zxvC7CRGvggq9EWXOpwAo,4zxvC7CRGvggq9EWXOpwAo,78,131849
Dominique Young Unique,spotify:artist:6e9YXVneoNtzARrkVUauiz,6e9YXVneoNtzARrkVUauiz,58,2031
Jess Glynne,spotify:artist:4ScCswdRlyA23odg9thgIO,4ScCswdRlyA23odg9thgIO,85,42225
Wankelmut,spotify:artist:01e2lCvLZ4fLUIRy68nptH,01e2lCvLZ4fLUIRy68nptH,67,54944
Friend Within,spotify:artist:4FJPplt1JOVw8Q7NiwFmLv,4FJPplt1JOVw8Q7NiwFmLv,50,4144
MNEK,spotify:artist:7uMh23xWiuR7zsNkuNcm2G,7uMh23xWiuR7zsNkuNcm2G,68,14312
LE YOUTH,spotify:artist:1Zz6NBe8UIZjm88TvehFtx,1Zz6NBe8UIZjm88TvehFtx,67,17328
Years & Years,spotify:artist:5vBSrE1xujD2FXYRarbAXc,5vBSrE1xujD2FXYRarbAXc,84,98680
Colbie Caillat,spotify:artist:6aZyMrc4doVtZyKNilOmwu,6aZyMrc4doVtZyKNilOmwu,78,333856
Sara Bareilles,spotify:artist:2Sqr0DXoaYABbjBo9HaMkM,2Sqr0DXoaYABbjBo9HaMkM,76,354184
Kate Voegele,spotify:artist:7whckrkkTMEuvqfaNfMs7S,7whckrkkTMEuvqfaNfMs7S,55,39760
Vanessa Carlton,spotify:artist:5ILrArfIV0tMURcHJN8Q07,5ILrArfIV0tMURcHJN8Q07,67,60049
Michelle Branch,spotify:artist:5rScKX1Sh1U67meeUyTGwk,5rScKX1Sh1U67meeUyTGwk,61,46275
Christina Perri,spotify:artist:7H55rcKCfwqkyDFH9wpKM6,7H55rcKCfwqkyDFH9wpKM6,78,580706
Brantley Gilbert,spotify:artist:5q8HGNo0BjLWaTAhRtbwxa,5q8HGNo0BjLWaTAhRtbwxa,73,169149
Colt Ford,spotify:artist:0OpWIlokQeE7BNQMhuu2Nx,0OpWIlokQeE7BNQMhuu2Nx,66,77604
Kid Ink,spotify:artist:6KZDXtSj0SzGOV705nNeh3,6KZDXtSj0SzGOV705nNeh3,88,445828
Kirko Bangz,spotify:artist:2r8r62VGJKGi463aH1HJUZ,2r8r62VGJKGi463aH1HJUZ,63,114656
David Guetta,spotify:artist:1Cs0zKBU1kc0i8ypK3B9ai,1Cs0zKBU1kc0i8ypK3B9ai,92,6612971
Bob Sinclar,spotify:artist:5YFS41yoX0YuFY39fq21oN,5YFS41yoX0YuFY39fq21oN,65,89204
Martin Solveig,spotify:artist:1bj5GrcLom5gZFF5t949Xl,1bj5GrcLom5gZFF5t949Xl,71,105766
Daft Punk,spotify:artist:4tZwfgrHOc3mvqYlEYSvVi,4tZwfgrHOc3mvqYlEYSvVi,84,2237011
Axwell,spotify:artist:1xNmvlEiICkRlRGqlNFZ43,1xNmvlEiICkRlRGqlNFZ43,67,582372
Showtek,spotify:artist:3gk0OYeLFWYupGFRHqLSR7,3gk0OYeLFWYupGFRHqLSR7,79,168715
Fedde Le Grand,spotify:artist:7dc6hUwyuIhrZdh80eaCEE,7dc6hUwyuIhrZdh80eaCEE,67,73256
Skrillex,spotify:artist:5he5w2lnU9x7JFhnwcekXX,5he5w2lnU9x7JFhnwcekXX,89,3337588
Laidback Luke,spotify:artist:53cQZtWDwDJwVCNZlfJ6Qk,53cQZtWDwDJwVCNZlfJ6Qk,68,55275
Migos,spotify:artist:6oMuImdp5ZcFhWP0ESe6mG,6oMuImdp5ZcFhWP0ESe6mG,77,170368
Bloody Jay,spotify:artist:398uOjIcboA7cfnsTjn2yw,398uOjIcboA7cfnsTjn2yw,42,486
Black Portland,spotify:artist:7IQ71FHe8cZIlBpEb42CdS,7IQ71FHe8cZIlBpEb42CdS,27,176
Young Scooter,spotify:artist:4cmA2QDPdzh8W2ytpyUGes,4cmA2QDPdzh8W2ytpyUGes,57,12309
DJ Snake,spotify:artist:540vIaP2JwjQb9dm3aArA4,540vIaP2JwjQb9dm3aArA4,87,116188
Clinton Sparks,spotify:artist:3kOPviLsiuKCFTTsHc47lI,3kOPviLsiuKCFTTsHc47lI,42,2052
Diplo,spotify:artist:5fMUXHkw8R8eOP2RNVYEZX,5fMUXHkw8R8eOP2RNVYEZX,87,266226
The Chainsmokers,spotify:artist:69GGBxA162lTqCwzJG5jLp,69GGBxA162lTqCwzJG5jLp,74,103295
Steve Aoki,spotify:artist:77AiFEVeAVj2ORpC85QVJs,77AiFEVeAVj2ORpC85QVJs,77,444660
Stromae,spotify:artist:5j4HeCoUlzhfWtjAfM1acR,5j4HeCoUlzhfWtjAfM1acR,76,386161
The Cataracs,spotify:artist:7C64wNX3howEFZjAYRKsfP,7C64wNX3howEFZjAYRKsfP,66,49488
Otc,spotify:artist:3JwBRwnVg6Ih4svlEqO7No,3JwBRwnVg6Ih4svlEqO7No,32,134
Dustin Lynch,spotify:artist:1dID9zgn0OV0Y8ud7Mh2tS,1dID9zgn0OV0Y8ud7Mh2tS,69,64530
Greg Bates,spotify:artist:2COi3lJPZHP2CjJBfofGwh,2COi3lJPZHP2CjJBfofGwh,48,8297
RaeLynn,spotify:artist:5dMnvpYEfXvSexjwnSRH5n,5dMnvpYEfXvSexjwnSRH5n,65,13432
Cassadee Pope,spotify:artist:7ahuvq1mbb4idwG1iJbSFG,7ahuvq1mbb4idwG1iJbSFG,58,37076
Jamie Lynn Spears,spotify:artist:3Er4s8F6Ugd0PESHxmYt0I,3Er4s8F6Ugd0PESHxmYt0I,44,7595
Gwen Sebastian,spotify:artist:6y1ruSFWowWNYPH34u9Nif,6y1ruSFWowWNYPH34u9Nif,54,651
Childish Gambino,spotify:artist:73sIBHcqh3Z3NyqHKZ7FOL,73sIBHcqh3Z3NyqHKZ7FOL,85,692223
Mac Miller,spotify:artist:4LLpKhyESsyAXpc4laK94U,4LLpKhyESsyAXpc4laK94U,78,920739
Das Racist,spotify:artist:4iqAeIP1ynbt71G0Oi8VIt,4iqAeIP1ynbt71G0Oi8VIt,47,21543
The Cool Kids,spotify:artist:1AWNf5CLnHH4oM1hcHiVeV,1AWNf5CLnHH4oM1hcHiVeV,51,22145
Asher Roth,spotify:artist:1wgY8huggK60P5nvYrwcYT,1wgY8huggK60P5nvYrwcYT,64,62657
Chiddy Bang,spotify:artist:40giwFcTQtv9ezxW8yqxJU,40giwFcTQtv9ezxW8yqxJU,69,230819
Lil B,spotify:artist:4bbjivSh1oG4NOc7uYHfw5,4bbjivSh1oG4NOc7uYHfw5,45,18757
Wiz Khalifa,spotify:artist:137W8MRPWKqSmrBGDBFSop,137W8MRPWKqSmrBGDBFSop,91,1977905
Yelawolf,spotify:artist:68DWke2VjdDmA75aJX5C57,68DWke2VjdDmA75aJX5C57,75,192070
Flo Rida,spotify:artist:0jnsk9HBra6NMjO2oANoPY,0jnsk9HBra6NMjO2oANoPY,90,3545373
August Alsina,spotify:artist:19Fi1Rj7kk8kyiwxpXy3yM,19Fi1Rj7kk8kyiwxpXy3yM,77,218617
Rico Love,spotify:artist:2GEcMpeGIad5O23WxDRFMn,2GEcMpeGIad5O23WxDRFMn,63,15036
Bando Jonez,spotify:artist:1EhnxoXhj5r5DJ6lIWrAQe,1EhnxoXhj5r5DJ6lIWrAQe,48,5128
Mila J,spotify:artist:6cN9XwPMj9bWzJ32GC6V7v,6cN9XwPMj9bWzJ32GC6V7v,63,19347
K. Michelle,spotify:artist:2retT7MFwHDVTeGKDdybEx,2retT7MFwHDVTeGKDdybEx,70,77975
Jacquees,spotify:artist:4tMm1dU6Gn04VAZ9ClHcIZ,4tMm1dU6Gn04VAZ9ClHcIZ,57,14719
Eric Bellinger,spotify:artist:7ibAWtDtmEfaVhc1FJ3Vl9,7ibAWtDtmEfaVhc1FJ3Vl9,66,20319
Mack Wilds,spotify:artist:5BO8aIDUyNtvnq98qMIs85,5BO8aIDUyNtvnq98qMIs85,48,5611
Elijah Blake,spotify:artist:65OtBLtkrifQrdTlKI90IR,65OtBLtkrifQrdTlKI90IR,56,3078
Netta Brielle,spotify:artist:6yym2cpIe5mrZdTYyq2muC,6yym2cpIe5mrZdTYyq2muC,36,477
Robin Schulz,spotify:artist:3t5xRXzsuZmMDkQzgOX35S,3t5xRXzsuZmMDkQzgOX35S,85,132490
Bakermat,spotify:artist:3MyFDtqB80WZvbtCZRsekM,3MyFDtqB80WZvbtCZRsekM,70,61333
Lost Frequencies,spotify:artist:7f5Zgnp2spUuuzKplmRkt7,7f5Zgnp2spUuuzKplmRkt7,80,12784
Klingande,spotify:artist:1L9i6qZYIGQedgM9QLSyzb,1L9i6qZYIGQedgM9QLSyzb,74,82159
Klangkarussell,spotify:artist:041iTeoMIwXMlShuQPIVKo,041iTeoMIwXMlShuQPIVKo,69,116902
Fritz Kalkbrenner,spotify:artist:08Ut1tYxtmgIInVyQqohkM,08Ut1tYxtmgIInVyQqohkM,67,93432
Pentatonix,spotify:artist:26AHtbjWKiwYzsoGoUZq53,26AHtbjWKiwYzsoGoUZq53,77,469077
Peter Hollens,spotify:artist:7EIbKyiLnEJ1Y074UIUyZJ,7EIbKyiLnEJ1Y074UIUyZJ,63,37551
Sonos,spotify:artist:5FnvaTqEOE0LHnsanUmUb9,5FnvaTqEOE0LHnsanUmUb9,29,1161
Straight No Chaser,spotify:artist:1yQ8S4xdGOGbUcpaPR6hCM,1yQ8S4xdGOGbUcpaPR6hCM,57,56782
Street Corner Symphony,spotify:artist:1PvW2XdqUf53cllgpYv6Ge,1PvW2XdqUf53cllgpYv6Ge,35,2695
Home Free,spotify:artist:2MSlGNpwXDScUdspOK6TS7,2MSlGNpwXDScUdspOK6TS7,54,14320
Tufts Beelzebubs,spotify:artist:4VsNVAxuPxZrJMWE2Tprtq,4VsNVAxuPxZrJMWE2Tprtq,38,2586
Afro Blue,spotify:artist:7BN6dSeHMZJUBap8P4Nxew,7BN6dSeHMZJUBap8P4Nxew,28,2616
Rockapella,spotify:artist:1AFSUleuDTapVhm5zUf4ix,1AFSUleuDTapVhm5zUf4ix,32,2232
The Whiffenpoofs,spotify:artist:70kYiT1DhBuwkjGzASOeYV,70kYiT1DhBuwkjGzASOeYV,34,1811
Scott Hoying,spotify:artist:72Q6lRKiVLErS4QjuZxsDG,72Q6lRKiVLErS4QjuZxsDG,34,3759
Pitch Slapped,spotify:artist:7EH7jldX62OIsU1yU1SWE7,7EH7jldX62OIsU1yU1SWE7,32,1288
Noteworthy,spotify:artist:2P760UsSOMaSPKB1tNbQzT,2P760UsSOMaSPKB1tNbQzT,27,445
The Dartmouth Aires,spotify:artist:71Cez1b1NqsxIn5u8XNiQD,71Cez1b1NqsxIn5u8XNiQD,37,1266
On The Rocks,spotify:artist:00IjdWQ46sSBP4gZYObAMx,00IjdWQ46sSBP4gZYObAMx,41,4824
The Backbeats,spotify:artist:1TWhzhx3y8ifsErYrlcERr,1TWhzhx3y8ifsErYrlcERr,36,1001
University Of Wisconsin MadHatters,spotify:artist:3t4t6uBCKAqkxkAzbWa43Z,3t4t6uBCKAqkxkAzbWa43Z,28,1152
Midnight Ramblers,spotify:artist:4JA9H6Fabt6mIwIFfGgtOT,4JA9H6Fabt6mIwIFfGgtOT,22,297
University of Delaware Deltones,spotify:artist:3Pmx2IXq0OGAGjiTDjC0xg,3Pmx2IXq0OGAGjiTDjC0xg,17,351
University of Rochester YellowJackets,spotify:artist:5PdBpsZXvnEbbTe1589fMO,5PdBpsZXvnEbbTe1589fMO,35,2209
Tonic Sol-Fa,spotify:artist:1Mjvv0iadHTTluGAoxIG9N,1Mjvv0iadHTTluGAoxIG9N,30,1322
Parmalee,spotify:artist:4TshyQDihSYXSWqvclXl3I,4TshyQDihSYXSWqvclXl3I,63,17033
Absence of Concern,spotify:artist:2NZOKJhv7Tqtx7YXOzbvnA,2NZOKJhv7Tqtx7YXOzbvnA,13,62
